1,18,,1772,First mentioned as part of Danieli collection in Zadar in 1772,construction dedication,yes,no,Ti(iberius) Caesar Divi Aug(usti) f(ilius) / Augustus Imp(erator) Pontif(ex) Max(imus) / trib(unicia) potest(ate) XX co(n)s(ul) III / leg(io) VII leg(io) XI / P(ublio) Cornelio Dolabella / leg(ato) pro pr(aetore),,,,,18,19,,,,
2,2,,,,funerary inscription,yes,cpf,Sex(tus) Iu[lius Sex(ti) f(ilius)] / Ani(ensi) Silva[nus Foro Iulii] / summus c[urat(or) c(ivium) R(omanorum) prov(inciae) Dalm(atiae)] / suffragio [eorum factus vet(eranus?)] / leg(ionis) VII C(laudiae) P(iae) F(idelis) aed[ilis col(oniae) Claudiae Aequi ab] / ordine primus [post col(oniam) ded(uctam) creatus] / IIIIvir i(ure) d(icundo) pont(ifex) [in col(onia?) Salona(?) ---] / in ag[ro] p(edes) [---] / h(oc) s(epulcrum) h(eredem) [n(on) s(equetur)],,,,,42,70,,,lost,"Inscription framentary. It is not commemorating a Legio VII soldier, but one (a group) is mentioned. It commeorates S Julius Silvanus becoming first Aedile of colony at Aequum, a position which he seems to have been voted into by Legio VII veterans. Moreover, he is referred to as a quatrovir with judicial authority and pontifex powers."
3,3,,,,construction dedication,yes,no,[Ti(berius) C]aesar divi Augusti f(ilius) / [Aug]ustus Imp(erator) pont(ifex) max(imus) / [trib(unicia)] potest(ate) XIIX co(n)s(ul) II / [viam] a colonia Salonitan(a) / [ad f]in[e]s provinciae Illyrici // [--- ---] / cuius viai millia passus sunt / CLXVII munit per vexillarios / leg(ionum) VII et XI / item viam Gabinianam / ab Salonis Andetrium aperuit / et munit per leg(ionem) VII / [,,,,,16,17,,,,Records a Legio VII vexilio working on demarcations in the hinterland of Dalmatia. 
4,4,Demicheli 2011,1965,,stela,yes,no,L(ucius) Vettius M(arci) [f(ilius)] / Maec(ia) Secun[dus] / Libarn[a] vet(eranus) le[g(ionis)] / VII vivus [f]ecit si[bi] / et Vettiae L(uci) f(iliae) Ver[ae)] / et Vettiae L(uci) l(ibertae) S[---],"Lucius Vetia Secundus, Mark's son, from the Maecia tribune, from the city of Libarna, a veteran of the Seventh Legion, he made (raised) himself, Vetija Vera, his daughter, and Vetija S (….), freedmen.",no_doors,portrait,,6,42,,A3c,cetina krajina museum,Inv. No. MCK-AZ-228
5,5,,,,stela,yes,no,L(ucius) Ancharenus Q(uinti) f(ilius)/ Ser(gia triba) (domo) Laranda mil(es)/ leg(ionis) VII(septima) ann(orum) XL(quadraginta) stip(endiorum) XXI(vigintiunorum)/ h(ic) s(itus) e(st) Q(uintus) Ancharenus haec tan[---]/ posuit tibi dona frater quia/ longe a patria te cecidisse dolet/ optaram vivo potius dare vi[na]/ [---]non obito care ferenda/ tuo si quicquam sentire potes/ [---]mpore nostro damus haec/ [---] sit tibi terra levis frater/ fratri posuit.,,no_doors,no_portrait,no_weapons,6,42,,Rc,Triljskog kraja Museum,Inv. No. MTK 2
6,13,,1831,,stela,yes,no,T(itus) Ancharenus / T(iti) f(ilius) Ser(gia) / dom(o) Laranda / mil(es) leg(ionis) VII an(norum) / XLIV stip(endiorum) XXIII / h(ic) s(itus) e(st),,doors,no_portrait,weapons,6,42,,A1a,Arheološki muzej u Splitu,Inv. No. A 2588
7,7,Hofmann 1905,1905,,stela,yes,cpf,M(arco) Antonio Celeri / eq(uiti) leg(ionis) VII C(laudiae) P(iae) F(idelis) Iulia / Maxsima heres fecit / sibi et coniugi caro suo st(ipendiorum) XXX / [in] f(ronte) p(edes) XII in ag(ro) (!) XVII,,no_doors,portrait,no_weapons,42,59,,A3b,lost,"Reconstructed in a sketch by Hofmann 1905, 49-50 fig. 33 - based off a stelae of Alae Claudiae Novae from Tilurium for Marcus Elvadius. Tončinić 2011, 25-26 argues it is likely a good reconstruction"
8,8,BD-VHAD (37) 1914,1914,,stela,yes,no,L(ucius) Arruntius / domo Pasimoae / anno(rum) LV / [vet(eranus) leg(ionis)] VII h(ic) s(itus) e(st) / [testament]o fieri iussit / [,,,portrait,,6,42,,,Arheološki muzej u Splitu,"Found on Northern Necropolis on Porta Suburia  I, where, as Tončinić 2011 notes, MonumentID 24, 62, 95 were also found. Inv. No. A 4657. It is thought to commemorate a veteran on account of the individual's old age"
9,9,BD-VHAD (11) 1888,1888,,stela,yes,no,C(aius) Asurius mil(es) / leg(ionis) VII ∙>∙(centuria) Trini / ann(orum) XXXV stip(endiorum) XIV / domo Florentia / Severa lib(erta) / pos(u)it,,,no_portrait,no_weapons,6,42,,Rc,Arheološki muzej u Splitu,"Inv. No. A 1425, found near Porta Andetria."
10,6,Fadić 1995,1995,,stela,yes,no,L(ucius) Attius L(uci) f(ilius) Sergi(a) / Augusta / an(norum) XXX st(ipendiorum) VIII / mil(es) leg(ionis) VII / h(ic) s(itus) es(t),,no_doors,,,6,42,,Rc,cetina krajina museum,
11,10,,,,stela,yes,no,Sex(tus) Atilius / Sex(ti) f(ilius) Pap(iria) / veter(anus) leg(ionis) VII / domo Ticino / hic situs est / testamento / fieri iussit / in f(ronte) p(edes) XV in a(gro) p(edes) XX,,no_doors,no_portrait,no_weapons,6,42,,Rc,Arheološki muzej u Zadru,Inv. No. A 22053. 
12,5,BD-VHAD (1) 1878,1878,,stela,yes,no,Q(uintus) Baebius Q(uinti) f(ilius) Serg(ia) Conan(is) / miles leg(ionis) VII ann(orum) XXXXV / stip(endiorum) XX h(ic) s(itus) e(st) / quamvis lasse viator rogo ne graveris et / tumulum contempla meum lege et moraris iam / aliquid resciveris dum vixi hilaris iucundus amicis / nunc to[rpen]s iaceo hic o[ssa req]u[ies]cunt mea natus / sum Canonis conditu(s) in Illurico vale et bene / facito vitae dum fatum venit / frater fratri,,doors,no_portrait,no_weapons,6,42,,Ra,Arheološki muzej u Splitu,"Inv. No. A 303. Has a poem upon it, one of the supposed products of the 'poets' at Tilurium."
13,11,,,,funerary inscription,yes,cpf,C(aius) Bitt[ius- - -]/ Tro(mentina) Gem[ellus()] / imagini[fer] / leg(ionis) VII Cl(audiae) [P(iae) F(idelis)] / t(estamento) f(ieri) [i(ussit)],,,no_portrait,,42,59,,,Arheološki muzej u Splitu,Inv. No. A 1259
14,11,Hofmann 1905,1905,,stela,yes,cpf,L(ucius) Caesius L(uci) f(ilius) / Cam(ilia) Bassus / domo Pisauri / vet(eranus) leg(ionis) VII C(laudiae) P(iae) F(idelis) / an(norum) LIII stip(endiorum) XXXIII / h(ic) s(itus) e(st) t(estamento) f(ieri) i(ussit) h(eres) p(osuit) / in f(ronte) p(edes) VI in a(gro) p(edes) X,,doors,portrait,weapons,42,59,,A3a,lost,"Relies on drawing from Hofmann 1905, 58, fig. 38 - unsure of how much is entirely reliable. Tončinić makes no comment on this..."
15,12,Hoernes 1880-Bulić1885,1880,,titulus,yes,no,L(ucius) Domitius L(uci) f(ilius) A<n=II>(iensi) / Aquila vet(eranus) leg(ionis) VII / domo Myliada / stip(endiorum) XXXIII vi(vus) fe[c(it)] sib(i) / et C(aio) Domitio [L(uci) f(ilio)] A[n(iensi)] / [A]qui[l]ino mil(iti) [le]g(ionis) V[II] / stip(endiorum) XX h(onesta) m(issione) [m(isso) ---] / [------] / [------] / [---]A[---] / [---]V[---] fecit,,no_doors,no_portrait,no_weapons,6,42,,tituli,Still in building in Filovača,Found in building in Filovača in secondary use. Inscription is very hazy in bottom half of epitaph.
16,13,CIL,1831,,stela,yes,no,Cn(aeus) Domiti/us Cn(aei) f(ilius) Vel(ina) / Pessinunte / an(norum) XLIV stip(endiorum) / XXV veteran(us) / ex leg(ione) VII h(ic) s(itus) e(st) / testamento / fieri iussit,,doors,no_portrait,weapons,6,42,,A1a,"Tilurium, in situ (secondary use)",Split into two pieces (hence two Betz ref. numbers)
17,14,,,,funerary inscription,yes,no,T(ito) Elvio Sca(ptia) Marino / IIIIvir(o) Altini / T(itus) Elvius T(iti) f(ilius) Salinator / >(centurio) leg(ionis) VII patri / in fronte p(edes) XXX in agro p(edes) XXX / h(oc) m(onumentum) h(eredem) n(on) s(equetur),,,,,6,42,,,lost,
18,5,Bulić 1903,1903,,stela,maybe,maybe,L(ucius) Fabius C(ai) f(ilius) / Serg(ia) Conana / ann(orum) XX[---] / h(ic) s(itus) [e(st)] / C(aius) Fabius pa[ter] / filio posuit,,doors,no_portrait,weapons,6,59,,A1a,Arheološki muzej u Splitu,"Does not mention Legio VII, has been placed under 'possible monument of Legio VII' by Tončinić 2011, 36-38, because of location, style and the eastern origins of its commeorated individual. Inv. No. A 3321"
19,11,Betz 1938,,,funerary inscription,yes,cpf,L(ucius) Fabius L(uci) f(ilius) Satur/ninus vet(eranus) leg(ionis) VII C(laudiae) P(iae) F(idelis) / v(ivus) f(ecit) sibi et Claudiae Ti(beri) / Claudi Alypi l(iberti) Caesaris / libertae Euche h(ic) s(iti) s(unt) / loc(um) don(avit) C(aius) Titius / Restitutus amicus / h(oc) m(onumentum) h(eredem) n(on) s(equetur),,,,,42,70,,,lost,
20,15,,,,stela,yes,no,M(arcus) Heredius M(arci) f(ilius) Pal(atina) / veteranus leg(ionis) VII / h(ic) s(itus) est fecit / Faustus l(ibertus),,,no_portrait,no_weapons,6,42,,Rc,"Vid, in situ (secondary use)","Found in Vid, in 'Ereš Tower'"
21,56,BD-VHAD (6) 1883,1883,,titulus,yes,no,L(ucius) Herenni/us L(uci) f(ilius) Pap(iria) / Muliade / vet(eranus) leg(ionis) VII / an(norum) LX sti(pendiorum) / XXX h(ic) s(itus) e(st),,no_doors,no_portrait,no_weapons,6,42,,tituli,Zemaljski muzej Bosne i Hercegovine,Inv. No. 160; carved into solid rock at Glavica on outskirts of Ljubuski
22,11,,,,stela,yes,no,Q(uinto) Hortensio / Q(uinti) f(ilio) vet(erano) leg(ionis) / VII h(ic) s(itus) e(st) / Hortensia / Q(uinti) f(ilia) Quarta et / L(ucius) Corellius I[u]c/undus patri posuere,,,,,6,42,,,Arheološki muzej u Splitu,Inv. No. A 202
23,16,,,,stela,yes,no,Leg(io) VII Maced(onica) / >(centuria) M(arci) Caecili / c(o)ho(rs) X,,,,,-30,42,likely -30 to 6,,,Placed in DB for relevance to Legio's time in Macedonia/Thrace under either M. Licinius Crassus (29-27 BCE) or L. Calpurnius Piso (13-11 BCE).
24,8,,,,stela,maybe,maybe,[---]ara [---]ilio / [---]t [ // Q(uintus) Ignienus / Q(uinti) f(ilius) Ani(ensi) Ferox / dom(o) Troade / [,"Quintus Ignienus Ferox, son of Quintus, of the Aniensis tribe, from Troas [---]",,,,6,59,,,Arheološki muzej u Splitu,"Found within Northern Necropolis near Porta Suburia  I, where, as Tončinić 2011 notes, MonumentID 8, 62, 95 were also found. Ascribed as potential Legio VII monument by Betz 1938, Wilkes 1969, and Tončinić 2011, because of find-stie and eastern origin of Q. Ignienus Ferox."
25,5,Bulić 1908,1908,,stela,yes,no,C(aius) Iulius C(ai) f(ilius) / Fab(ia) Ninica / mil(es) leg(ionis) VII / an(norum) XXXIX stip(endiorum) / XVII h(ic) s(itus) e(st) / hospes resis[te et] tumulum / contempla meum lege et / morarus iam scies quae / debeas vixi qua potui ca/rus sum Opiorum hic su/m sepultus hic ossua re/quiescum mea vale et / bene facito vitae dum fa/tum venit // Faustus l(ibertus) patrono,,doors,no_portrait,no_weapons,6,42,,Ra,Arheološki muzej u Splitu,Inv. No. A 3959. Found amongst other Roman remains (including a wall and other stelae) in Vojnić.
26,17,Cambi 1994,1994,,stela,yes,no,C(aius) Iulius C(ai) f(ilius) / Vel(ina) domo / Pessinunte / vet(eranus) leg(ionis) VII / ann(orum) XLV stip(endiorum) XXV / h(ic) s(itus) e(st) / C(aius) Mummius p(osuit),,doors,no_portrait,no_weapons,6,42,,A1a,Arheološki muzej u Splitu,Found as part of a 4th century Late Antique tomb. Inv. No. A 5960
27,5,,,,funerary inscription,yes,no,C(aius) Iulius C(ai) f(ilius) / V(o)ltinia Clistin/na mil(es) leg(ionis) VII / ann(orum) XL stip(endiorum) XIIX / h(ic) s(itus) e(st),,,,,6,42,,,lost,"Found in Vojnić, near a 'local church' according to Tončinić 2011, 47"
28,18,,,,funerary inscription,yes,cpf,C(aio) Iulio C(ai) f(ilio) / [Se]r(gia) [Agr]ippae / [---] leg(ionis) VII (Claudiae?) P(iae) F(idelis) / >(centuria) Agrip[p]ae p(---) / Avita mari/to Agrippi[na] / patri,,,,,42,59,,,lost,"Betz 1938 interpreted Aggrip[p]ae to refer to the century within which Gaius was sreving, thus considering him an active soldier. Note that the C is missing from the original inscription and has been reconstructed from the G"
29,19,,,,funerary inscription,yes,cpf,M(arcus) Iulius M(arci) f(ilius) / Trernahensis / miles leg(ionis) VII C(laudiae) P(iae) F(idelis) / an(norum) XXXXV stip(endiorum) XX / M(arcus) A[rr]untius frater [et] / [he]r[es] po[s]uit / h(ic) s(itus) e(st),,,,,42,59,,,lost,"Refers to 'frater', but may be an 'actual' brother, unsure"
30,5,Bulić 1894,1893,,stela,maybe,maybe,Sex(tus) Clodius / C(ai) f(ilius) Pub(lilia) Verona / mil(es) l[eg(ionis),,doors,no_portrait,weapons,42,59,Maybe 6 to 42 if one does not accept the existence of a cpf title,A1a,Arheološki muzej u Splitu,"Fragmentary, no explicit mention of Legio VII extant, but possibility of CPF. This plus its location near Tilurium means it likley belonged to a member of Legio VII. It was found reused in Vojnić. It could technically also be ascribed to Legio XI, but VII more likley of the two on account of location. Inv. No. A 1982"
31,13,Bulić 1888,1888,,stela,yes,no,L(ucius) Cornelius L(uci) f(ilius) / Fab(ia) Heraclea / mil(es) leg(ionis) VII ann(orum) / XXXIII stip(endiorum) XII t(estamento) f(ieri) i(ussit) / Secundus h(eres) p(osuit) / h(ic) s(itus) e(st),,no_doors,no_portrait,no_weapons,6,42,,A1b,Arheološki muzej u Splitu,Inv. No. A 1998
32,11,,,,funerary inscription,yes,cpf,C(aius) Curiatius T(iti) f(ilius) Serg(ia) / Secundus dom(o) Augusta / Troade vet(eranus) leg(ionis) VII C(laudiae) P(iae) F(idelis) / scrib[a] Salonis annor(um) LXV h(ic) s(itus) e(st) / [in fr(onte) p(edes) --- in agr(o)] p(edes) XX,,,,,42,70,,,Arheološki muzej u Splitu,Inv. No. A 27
33,11,CIL,,,funerary inscription,yes,cpf,T(itus) Curtiacus / T(iti) f(ilius) Lem(onia) Bon(onia) / vet(eranus) leg(ionis) VII C(laudiae) P(iae) F(idelis) / h(ic) s(itus) e(st) t(estamento) f(ieri) i(ussit),,,,,42,70,,,Basilica of Santa Maria in Porto,"EDH and Trismegistos record that it is now held in this Basilica (in its art museum?), but was inscribed in Dalmatia (CIL). For the former reason, the EDCS seems to record (incorrectly) that it was found in Ravenna (where the Basilica is). Unsure of why or how it arrived in Ravenna after it was recorded in the CIL. Perhaps moved across for the re-opening of the Church in 1900, as part of its restoration in 1944, or its promotion to 'Basilica' in 1960. It has also has had an art Gallery since 1972. Wikipedia, 2019: https://en.wikipedia.org/wiki/Santa_Maria_in_Porto_Basilica. Accessed: 26/06/2020"
34,20,BD-VHAD (20) 1897,,,stela,yes,no,C(aius) Lartinius / C(ai) f(ilius) Pol(lia) domo / Foro Corneli / miles leg(ionis) VII / ann(orum) XXXIV / stip(endiorum) XVI h(ic) s(itus) e(st) / heredes posuer(unt),,,no_portrait,no_weapons,6,42,,Rc,Arheološki muzej u Splitu,Inv. No. A 2368
35,15,CIL,,,funerary inscription,yes,cpf,P(ublius) Lastus A(uli) f(ilius) Scaeva / domo Florentia / eques vet(eranus) leg(ionis) VII C(laudiae) P(iae) F(idelis) / annor(um) LX stip(endiorum) XXX et Lastae / P(ubli) l(ibertae) Apiculae P(ublio) Lasto Felici / P(ublio) Lasto Diodoro lib(erto) t(estamento) f(ieri) i(ussit),,,,,42,70,,,Arheološki muzej u Splitu,Inv. No. A 2543
36,21,ILJug,,,milestone,no,,Imp(erator) T(itus) / Caesa[r Aug(usti) f(ilius)] / a Til[urio] / Sco[dram] / LX[VIII],,,,,79,81,,,,"It is dated by the officials/emperors named. It is evidence for road construction, and a road to/from Tilurium"
37,22,ILJug,,,milestone,no,,Impp(eratoribus) dd(ominis) nn(ostris) P(ublio) [Lic(inio)] / Valeriano et P(ublio) [Lic(inio)] / Gallieno Piis [Fe]/licibus Augg(ustis) [pp(ontificibus)] / mm(aximis) tri(bunicia) pot(estate) / a Tilur(io) m(ilia) p(assuum) / [------],,,,,253,259,,,,"It is dated by the officials/emperors named. It is evidence for road construction, and a road to/from Tilurium"
38,23,,1849,,construction dedication,no,,Imp(erator) Caes(ar) / M(arcus) Aurelius / [Commodus] / Antoninus / Aug(ustus) Pius Sarm(aticus) / Germ(anicus) maximus / Brittannicus / pont(ifex) max(imus) trib(unicia) / pot(estate) VIIII imp(erator) VI / co(n)s(ul) IIII p(ater) p(atriae) / pontem Hippi flumi/nis vetustate cor/ruptum restituit / sumptum et operas / subministrantibus / Novensibus Delmi/nensibus Riditis cu/rante et dedicante / L(ucio) Iunio Rufino Procu/liano leg(ato) pr(o) pr(aetore),,,,,184,184,,,Arheološki muzej u Splitu,"Evidence for bridge construction near Tilurium, some small finds related to a bridge were also found nearby, Sanader Tončinić 2013"
39,24,,,,stela,yes,,L(ucius) Oppius T(iti) f(ilius) / Cla(udia) Secun/dus Varvar(ia) / p(rimus) p(ilus) leg(ionis) VII C(laudiae) / praef(ectus) k(astrorum) le[g(ionis)] / VII C(laudiae) p(iae) f(idelis),,,,,59,130,,,lost,"Commemorates a Legio VII member from Bribir, Croatia. Dates to after the Legio's move to Vimanicium in 50s CE. Possibly the earliest monument attesting to the Legio's garrison there. Source?"
40,58,Betz 1938,1927,"1927 - Unsure, according to Bojanovski 1988",stela,yes,no,C(aius) Licinius C(ai) f(ilius) / Fab(ia) dom(o) Sinope / vete(ranus) leg(ionis) VII an(norum) L / stip(endiorum) XXVII / h(ic) s(itus) e(st) / heredes posuer(unt),,no_doors,portrait,no_weapons,6,42,,A3c,Museum of Fransiscan monestary at Humac,
41,58,Patsch 1912,1908,,stela,yes,no,M(arcus) Livius M(arci) / f(ilius) Pal(atina) dom(o) / Aloro ve/teranus / leg(ionis) VII an(norum) / L stip(endiorum) XXVI / h(ic) s(itus) e(st) t(estamento) f(ieri) i(ussit),,doors,no_portrait,weapons,6,42,,A1a,Zemaljski muzej Bosne i Hercegovine,"Inv. No. 92. Found near Hardomilje near Ljubuski, 115m from where other monuments were found, including that of Titus Varius - ILJug 3, 1921 (MonumentID 72)"
42,11,Maršić 1997,1996,,titulus,yes,cpf,C(aius) Lollius C(ai) f(ilius) Pap(iria) Valens / veter(anus) leg(ionis) VII C(laudiae) P(iae) F(idelis) v(ivus) f(ecit) / sibi et Hostiliae P(ubli) f(iliae) Secu[ndae] / coniugi sanctissi[mae],,,,,42,59,,tituli,Marko Matijević Archaeological collection in Solin,Found in 1996 during construction works in Marka Marulića st.
43,13,BD-VHAD (1) 1878,,,stela,yes,no,C(aius) Longinus C(ai) f(ilius) / Cor(nelia) Amblada / mil(es) leg(ionis) VII an(norum) XL / stip(endiorum) XXI h(ic) s(itus) e(st) / frater fratri,,doors,portrait,,6,70,,A2,Arheološki muzej u Splitu,Inv. No. A 178. Bust is fragentary/split (hence the lack of data concerning 'weapons')
44,11,CIL,,,stela,yes,cpf,C(aius) Lucretius / signif(er) leg(ionis) VII / C(laudiae) P(iae) F(idelis) dom(o) Verona / an(norum) XLV stip(endiorum) XXVI / de suo peculio f(aciendum) i(ussit) sibi / et Primo suo curam / egerunt frater et / Chrestus lib(ertus) / in fr(onte) p(edes) X in agr(o) p(edes) XX,,no_doors,portrait,,42,59,,A3c,Arheološki muzej u Splitu,"Inv. No. AMS-39605. Bust is split in half(or even thirds) only right-most piece survives. CPF is reconstructed off of the drawings in the CIL and Maršić which seem to indicate that the whole inscriptions was once visible. However, the stela is missing from the head of the child in the portrait and up, therefore no obervation can be made about the existence of 'weapons'."
45,11,CIL,,,funerary inscription,yes,cpf,C(aius) Lucretius / vet(eranus) leg(ionis) VII C(laudiae) P(iae) F(idelis) / domo Verona v(ivus) f(ecit) / sibi et Provinciali f(ilio) et / Firmillae et Tyche lib(ertabus) / suisque omnibus / in fr(onte) p(edes) X in agr(o) p(edes) XX,,,,,42,70,,,lost,"Tončinić 2011 records that Betz claims it is from the same findspot(grave) as #44 (CIL 3, 2040). He does not, however, comment on the fact that it seems as though the drawing of the inscription in the CIL was largely reconstructed - I will need to consult the CIL directly to see its comments."
46,26,BD-VHAD (13) 1890,1890,Pre 1890,stela,yes,no,Q(uintus) Magius / C(ai) f(ilius) Publ(ilia) dom(o) / Verona vetera(nus) / leg(ionis) VII annoru(m) / L stipend(iorum) XXV / t(estamento) f(ieri) i(ussit) h(ic) [s(itus)] e(st),,,no_portrait,no_weapons,6,42,,Rc,Arheološki muzej u Zadru,"Inv. No. A 7396. Monument is lost below its epitaph, hence lack of judgement about 'doors' motif."
47,8,BD-VHAD (26) 1903,1903,Pre 1903,stela,yes,cpf,C(aius) Manticus / C(ai) f(ilius) Scap(tia) mil(es) / leg(ionis) VII C(laudiae) P(iae) F(idelis) / stip(endiorum) XXIIII / C(aius) Avinnius / [Post]umius / [---]s / [,,,no_portrait,no_weapons,42,59,,Rc,Arheološki muzej u Splitu,"Inv. No. A 3150. Monument lost below epitaph. May originate from the same plot as MonumentID 8, 24, 62, 95, for it was found on the land of the Parać family in the Amphitheatre, and the Parać family owned the land where these other three stelae were found, Tončinić 2011, 66-67"
48,13,BD-VHAD (23) 1900,1898,Pre 1898 it was in someone's house in secondary use,stela,yes,no,Q(uintus) Marcius / Q(uinti) f(ilius) Cor(nelia) Bassus / dom(o) Benevento / [m]il(es) leg(ionis) VII an(norum) / [---] stip(endiorum) XVII / [h(ic) s(itus)] e(st) t(estamento) f(ieri) i(ussit) / [ex arb]itratu / [M]aximi,,no_doors,no_portrait,no_weapons,6,42,,Rb,Arheološki muzej u Splitu,Inv. No.A 2459. Bottom left corner of epitaph is fragmentary but can be reconstructed.
49,27,Truhelka 1893,1893,Pre 1893,stela,yes,maybe,L(ucius) Marcilius / C(ai) [f(ilius) do]mo Pe/[ssin(unte?) --- leg(ionis) V]II / C[l(audiae) P(iae) F(idelis) ---] / [--- ---] / C(aius) M[arcilius?][,,doors,no_portrait,weapons,6,59,,A1a,In secondary use in cemetery at Chapel of st. Elias in Veljaci.,"Definitely Legio VII, but unsure about CPF or not. Dodig 2003 thinks CPF, but no other stelae from region is (definitely) CPF, Tončinić 2011, 69. Nature of second name is unknown? Serviceman? Heir?"
50,9,Cambi 1986,1986,Check Cambi,stela,yes,cpf,Q(uintus) Mettius Q(uinti) f(ilius) / Volt(inia) Valens / mil(es) leg(ionis) VII C(laudiae) P(iae) F(idelis) / an(norum) XXXVIII stip(endiorum) XIIX / t(estamento) f(ieri) i(ussit),,doors,portrait,weapons,42,59,,A3a,Arheološki muzej u Splitu,Inv. No. AMS-38403. Found enar porta andetria. Tončinić 2011 notes that is was likley removed from its original location in the East Necropolis. Cambi 1986 records excvation information.
51,5,Fadić 1995,1995,Pre 1995,stela,yes,no,L(ucius) Mummius L(uci) / f(ilius) Fab(ia) Ancyra / miles leg(ionis) VII / ann(orum) XXXVI / stipend(iorum) XVI / h(ic) s(itus) e(st) // Arma bis octonis felicia qui tulit annis / hic situs est fato Mummius ipse suo / si sapiunt obiti data munera percipis am(pla) / et recipis nostrae pignus amicitiae / hoc tibi cum titulo posuit / Cornelius Chrestus / et dixit lachrymans sit tibi ter(r)a levis // M(arcus) Cornelius M(arci) l(ibertus) / Chrestus posuit,,no_doors,no_portrait,no_weapons,6,42,,A1b,Muzej Cetinske krajine u Sinju,"Inv. No. MCK-B-1373. Note, it does have a 'military medal' on its bottom third. It also has a second epitaph in the middle with a poem. Sanader, Demicheli, Bradač 2013 discuss this stelae when arguing a poet lived at the military camp of Tilurium. They provide a good english translation too. The first two lines are elegiac couplet, then there is a third hexameter with an extra line."
52,5,BD_VHAD (1) 1878,1875,"In three fragments, second peice found in 1878, third from 1903. Bulić 1903a was the first to combine them all to form one monument",stela,maybe,maybe,Q(uintus) Murrius / Q(uinti) f(ilius) Ser(gia) Augusta / mil(es) leg(ionis) [--- an]n(orum) XXXV / stip(endiorum) VI[--- h(ic) s(itus)] e(st),,,no_portrait,no_weapons,6,59,,,Arheološki muzej u Splitu,"Inv. No. A 411, 694 and 3244. No mention of VII, but assigned on acount of findsite and military nature of inscriptions. Made up of three frgaments, first put together by Bulić in 1903. Missing bottom portion of stelae above the base - hence no comment about 'doors'."
53,28,BD_VHAD (23) 1900,1900,"Around 1900 according to Tončinić 2011, 76",stela,yes,cpf,C(aius) Octavius / C(ai) f(ilius) Fabia Vital[i]s / domo Brixiae / vet(eranus) leg(ionis) VII C(laudiae) P(iae) F(idelis) / h(ic) s(itus) e(st) / testamento f(ieri) i(ussit) / arbitratu Octavi/ae Secundaes lib(ertae) / suae,,no_doors,no_portrait,,42,70,,Rc,Fransiscan monastery collection in Sinj,"Inv. No. RN 45. 5km from Ćitluk; now fragmentary, but Bulić saw full inscription. BD-VHAD (23) 1900, 118 has Bulić's drawing of the full stela."
54,25,Betz 1938,1938,Betz says it is unpublished before 1938,titulus,yes,no,Q(uintus) Pius L(uci) [f(ilius)] / Ser(gia) Signinus do/mo Con(s)tan(ti)a vet(eranus) / leg(ionis) VII annor(um) LXXI / h(ic) s(itus) e(st),,,,,6,42,,tituli,Museum of Fransiscan monestary at Humac,"Two HD numbers for it has likley been transliterated twice, and since has been understood as two different stelae. The translations may differ on account of the damaged condition of the inscription, as observed by Tončinić 2011, 77."
55,13,CIL?,1873,"Pre 1873? When first CIL III was published? Or pre 1902, when the supplements we published?",stela,yes,no,Q(uintus) Oppius Q(uinti) f(ilius) / Pol(lia) Foro Corne(lii) / signifer leg(ionis) VII / ann(orum) XXX stip(endiorum) VIII / h(ic) s(itus) e(st) heres pos(ui)t,,,no_portrait,weapons,6,42,,Rc,Arheološki muzej u Splitu,"Inv. No. A 1999. Bottom of stela is broken off, hence no comment on 'doors'."
56,13,BD-VHAD (17) 1894,1893,,stela,maybe,maybe,C(aius) Parp[---] Fab(ia) / [-]ARE[--]C[-]X / annorum XLV / stipendior(um) XVI / N[---,,,no_portrait,no_weapons,6,59,,Rc,Arheološki muzej u Splitu,"Inv. No. A 1984. No explicit mention of Legio VII, but it was at tilurium, and the individual is possibly from the same (eastern) tribe as MonumentID 31 (CIL, 3, 9734), and it is military in nature. Tončinić 2011, 79"
57,29,BD-VHAD (1) 1878,,,stela,maybe,maybe,M(arcus) Percenni[us---] / Voltinia Ph[ilippis] / [--- l]eg(ionis) [,,,portrait_equestrian,,6,59,,,Arheološki muzej u Splitu,"Inv. No. A 2458. Not explicitly Legio VII, but ascribed to it by Hofmann, Betz, Wilkes and Fadić on account of find site and the reconstructed voting tribe and location at Phillipi (where other legio VII people are attested to be from). Could be an eques, from Legio VII or any other legio/cohors/ala attseted to at the site. "
58,30,,,,stela,yes,cpf,Q(uinto) Petro/nio Vale/nti militiav(it) / leg(ione) VII G[=C](laudia) P(ia) F(ideli) / h(ic) s(itus) e(st),,,,,42,59,,,lost,"Tončinić 2011. The 'G' has been interpreted by Betz as a 'C' (typological error). Unit used to be attributed to Legio VII Gemina, which was once located in Pannonia. Legio VII CPF more likely however."
59,8,,1904,Before 1904,stela,yes,no,Pinaria C(ai) lib(erta) / [--- ---] / patrono suo / C(aio) Pinario Scarpo / [ve]t(erano) leg(ionis) VII et filio / [,,,,,6,42,,,Arheološki muzej u Splitu,"Inv. No. A 3164. Found in Ćabo, Salona, probablz in Situ in Salona's North Necropolis near the Manstirine. Only the epitaph has survived, so no comments can be made about design/style. "
60,8,Brønsted 1928,,Pre 1928: Found during the excavations of Brønsted published in 1928,stela,yes,cpf,Primigeniu[s] / P(ubli) Ploti ∙>∙(centurionis) leg(ionis) / VII C(laudiae) P(iae) F(idelis) lib(ertus) an[n(orum)] / XX[---] h(ic) s(itus) e(st) / pat[ronus,,,,,42,59,,,Arheološki muzej u Splitu,Inv. No. A 5054. Found in Kapljuč in secondary use as door to a tomb (likely).
61,31,,,,funerary inscription,yes,no,L(ucius) Riccius L(uci) f(ilius) Vel(ina) / Pessinunte ann(orum) LX vet(eranus) / Marcia Maxima uxor / L(ucius) Riccius L(uci) f(ilius) Valens / L(ucius) Riccius L(uci) f(ilius) Gallus / Riccia L(uci) [f(ilia)] Bulla / h(ic) s(iti) s(unt) / L(ucius) Atilius L(uci) f(ilius) Vel(ina) veter(anus) leg(ionis) VII / avunculo suo posuit et sibi,,,,,6,42,,,lost,"It is very likely that this stelae includes reference to two soldiers of Legio VII (Lucius Atilius [definitely] and Lucius Riccius [likely]) for they are of the same family, tribe and likley of the same origin. Tončinic 2011, 82. EDCS also says Vid-Narona as location (likley based of BH Čitluk) with Tončinic 2011 claiming it is Čitluk Sinj (Aequum)."
62,8,Lanza 1856,,"Pre 1856, when it was first published",stela,yes,no,T(itus) Sabinius T(iti) f(ilius) / Fab(ia) domo / Sebaste vete(ranus) / leg(ionis) VII ann(orum) LVI / sti(pendiorum) XXXII / h(ic) s(itus) e(st),,,,,6,42,,,Arheološki muzej u Splitu,"Inv. No. A 32. Found in Salonitan North Necropolis on Porta Suburia Route I (Matinčevo), where, as Tončinić 2011 notes, MonumentID 8, 24, 95 were also found."
63,32,BD-VAHD (51) 1930-1934,,Pre 1930,altar,yes,c,D(is) M(anibus) / L(ucio) Septimio / Gratiano / mil(iti) leg(ionis) / VII Cl(audiae) exac/to co(n)s(ularis) v[i]/xit ann(os) XXII[II] / d(ies) XI Genia/lis Aug(usti) n(ostri) lib(ertus) / et Apuleia / Salvia filio / karissimo / pos(uerunt),,no_doors,no_portrait,no_weapons,171,230,,altar,Arheološki muzej u Splitu,INV. No. AMS-39549. Soldier was working under a legate in Dalmatia when the legio had moved to Viminacium. The dating is based on the name of his father (which dates to the Septimi) and the use of the reduced 'cpf' title - 'c(laudia)'.
64,33,Hoernes 1880,1880,Pre 1880 (Hoernes),stela,yes,maybe,M(arcus) Sosius M(arci) f(ilius) / Fab(ia) Sebasto/[poli --- leg(ionis)] VII / [,,,no_portrait,no_weapons,6,59,,Rc,Zemaljski muzej Bosne i Hercegovine,"Inv. No. 97. Legio VII was possibly included on the original record of the inscription (1880) in the form of a 'VII', but the relevant line has since been lost. The Eastern origin of Marcus supports the argument for Legio VII however, as does the location of Humac, where other Legio VII monuments have been found. Monument is lost below second line of epitaph. "
65,9,BD-VHAD (36) 1913,,"Pre 1913, found during excavations led by Bulić",altar,yes,no,M(arcus) Titius M(arci) f(ilius) S[er]/gia domo Isinda / eques leg(ionis) VII anno[r(um)] / XXXV stipend(iorum) X[---] / ex testament(o) fi[eri] / iussit arbitr[atu] / L(uci) Gelli M(arci) f(ilii) Serg[ia],,doors,no_portrait,no_weapons,6,42,,altar,Arheološki muzej u Splitu,"Inv. No. A 4407. Found in Gradina, but may have been from East Necroplis at Salona. What is interesting here, is the presence of the doors, despite its nature as an altar (mult-dimensional monument)."
66,11,,,,stela,yes,cpf,L(ucio) Trebonio Valenti / mil(iti) leg(ionis) VII C(laudiae) P(iae) F(idelis) et L(ucio) Tre/bonio Constanti f(ilio) et / Treboniae Tertullae / sorori L(ucius) Trebonius / Successus lib(ertus) patronis / suis bene merentib(us) v(ivus) f(ecit) / sibi et suis libert(is) lib(ertabus)q(ue) / in f(ronte) p(edes) XX in ag(ro) p(edes) XII,,no_doors,no_portrait,no_weapons,42,59,,,Arheološki muzej u Splitu,Inv. No. A 295.
67,57,ILJug,,,stela,yes,no,P[---]a / at[---] fa/to rapta h(ic) s(ita) e(st) / C(aius) Valerius C(ai) f(ilius) Den/to veter(anus) leg(ionis) VII lib(ertae) / suae posuit,,no_doors,portrait,no_weapons,6,42,,,Museum of Fransiscan monestary at Humac,Found in a wall in Humac.
68,9,Cambi 1986,,Pre 1986 during construction work in near Porta Andetria,stela,yes,no,Q(uintus) Valerius / Q(uinti) f(ilius) Corn(elia) / Edessa mil(es) / leg(ionis) VII ann(orum) / XXXV stip(endiorum) XII / t(estamento) f(ieri) i(ussit) L(ucius) Valerius / h(eres) p(osuit) et Valeria / Quinta l(iberta) h(ic) s(itus) e(st),,no_doors,no_portrait,no_weapons,6,42,,Rc,Arheološki muzej u Splitu,"Inv. No. AMS-40499. Found in Salona near Porta Andetria, probably from East Necropolis."
69,25,Dodig 2002,2001,,stela,yes,no,Q(uintus) Valerius / Q(uinti) f(ilius) Qui(rina) dom(o) / Icon(io) vet(eranus) leg(ionis) / VII an(norum) LV stip(endiorum) / XXVIII h(ic) s(itus) e(st) / Q(uintus) Portorius et Q(uintus) Va/lerius Anteros posuer(unt),,doors,no_portrait,weapons,6,42,,A1a,Museum of Fransiscan monestary at Humac,"EDCS says dated between 21-30 CE, unsure of rationale for this."
70,13,CIL,,,funerary inscription,yes,no,L(ucius) Valerius L(uci) f(ilius) Volt(inia) / domo Philippis / mil(es) leg(ionis) VII ann(orum) XXXV / stip(endiorum) XV h(ic) s(itus) e(st) / t(estamento) f(ieri) i(ussit),,,,,6,42,,,lost,
71,34,BD-VHAD (1) 1878,1878,,funerary inscription,yes,cpf,M(arcus) Varenus / M(arci) f(ilius) Vol(tinia) Valens ve/ter(anus) leg(ionis) VII C(laudiae) P(iae) F(idelis) t(estamento) f(ieri) i(ussit) / arbitratu M(arci) Vare/ni Secundi liberti idem/que heredis,,,,,42,70,,,lost,
72,58,Patsch 1908,1908,,stela,yes,no,T(itus) Varius T(iti) f(ilius) / Vel(ina) domo / Pessinunte / vet(eranus) leg(ionis) VII / an(norum) L sti(pendiorum) XXIX / h(ic) s(itus) e(st) her(es) pos(uit),,doors,no_portrait,weapons,6,42,,A1a,Zemaljski muzej Bosne i Hercegovine,"Not far from Humac and Trebižat, in secondary use (with other stelae). The doors are visibile under the inscription, but are cut off so only the tops are visible, with possible remians of lions heads."
73,11,BD-VHAD (4) 1881,,pre 1881,altar,yes,cpf,C(aius) Vatinius / Sex(ti) f(ilius) Capito / vet(eranus) leg(ionis) VII / C(laudiae) P(iae) F(idelis) dom(o) Arreti(o) / v(ivus) f(ecit) sibi et / Vatiniae Feli/culae libert(ae),,no_doors,no_portrait,no_weapons,42,70,,altar,Arheološki muzej u Splitu,Inv. No. 324.
74,35,BD-VHAD (9) 1886,,Pre 1886,stela,yes,no,L(ucius) Vegnonius / L(uci) f(ilius) vet(eranus) leg(ionis) V[II] / [d]om(o) Florent[ia] / [Tr]opaena F[a]/[br]icia se vi[va] / [si]bi et vir[o] / <e=f>(ecit) / hic s(itus) est,,no_doors,no_portrait,no_weapons,6,42,,Rc,Arheološki muzej u Splitu,"Inv. No. A 1073. Legio number is cut out, but VII is likley as a V is visible, and there is no space for a title in the lower line (thus not legio V macedonicae). Also, other monuments of legio VII were found nearby."
75,43,CIL,,,altar,yes,cpf,[Dis Manibus] / sa[crum] / C(aius) Vibi[us) C(ai) f(ilius) Pompt(ina)] / Pedes [dom(o) Arret(io)] / >∙(centurio) leg(ionis) VI[I C(laudiae) P(iae) F(idelis) vivos fec(it)] / sibi et I[uliae C(ai) f(iliae) Pollae] / uxori,,,,,42,59,,altar,Muzej grada Trogira,"Inv. No. 681. Found in field in church of st. Stephen (Trogir). The recorded inscription by Tončinić 2011 indicates that the inscription was cut off at Legio VI[I---, however, he agrees with the reconstruction of VI[I C(laudiae) p(iae) f(idelis)] with no indication as of why. It seems that Tončinić is not basing this off of the remaining monument (a fragment), instead the  CIL record which seems to have had more of the inscription as extant, see HD058437, so this is why he accepts the reconstruction. Because the line 'cpf' was visible when it was recorded in the CIL as a piece of Spolia from Trogir."
76,5,CIL,,"May be first published in BD-VAHD (1) 1878 if the CIL entry is from one of the more 'recent' supplements (1880s, 90s, and 1900s)",stela,yes,no,M(arcus) Vibius M(arci) f(ilius) / Aem(ilia) Durra(chio) / mil(es) leg(ionis) VII / ann(orum) XXX stip(endiorum) VII / h(ic) s(itus) e(st) / [---]lius h(eres) p(osuit),,no_doors,no_portrait,no_weapons,6,42,,Rc,Arheološki muzej u Splitu,Inv. No. A 305. 
77,36,BD-VHAD (37) 1914,1914,First illustrated in 1914 by Bulić,altar,yes,cpf,] / signifer / leg(ionis) VII C(laudiae) P(iae) F(idelis) / C(aius) Clodius Felix / lib(ertus) / IIIIIIvir Aug(ustalis),,,,no_weapons,42,59,,altar,Arheološki muzej u Splitu,"Inv. No. A 4576. Tončinić 2011, 101, found near 'Five bridges' near Porta Caesarea, unsure if it was originally from the East Necropolis, could also have been from the southeastern Necropolis. Bulić (BD-VAHD) provides an illustration of the inscription."
78,37,Brønsted 1928,1928,,stela,yes,cpf,] / vet(erano) leg(ionis) VII C(laudiae) P(iae) F(idelis) / Neria Pieris / coniugi suo / et sibi,,no_doors,,,42,70,,Rc,Arheološki muzej u Splitu,Inv. No. A 5063. Found in secondary use at Kapljuč during 1920s excavation at Salona. It was probably being used as a door to a tomb.
79,29,CIL,,"May be first published in BD-VAHD (1) 1878 if the CIL entry is from one of the more 'recent' supplements (1880s, 90s, and 1900s)",funerary inscription,yes,no,] / C[--- P]ol(lia) Aese / mil(es) leg(ionis) VII / ann(orum) XXX / stip(endiorum) VII h(ic) s(itus) e(st),,,,,6,42,,,lost,Was found in secondary use in Trilj.
80,11,CIL,,,funerary inscription,yes,no,] / [Pompt]ina(?) A[rr]etio / [---] mil(es) le[g(ionis)] VII / ann{i}or(um) [---] / [s]tipe[n]dior(um) IX / h(ic) s(itus),,,,,6,42,,,lost,
81,38,Atanacković-Salšić 1981,1971,,stela,yes,maybe,[---][-Ca?]elius Ma[---] / [---]p domo R[---] / [--- ve]t(eranus) leg(ionis) VII / [--- st]ip(endiorum) XXVIIII / [an]n(orum) LXII fili[o] / [eius e]t patrono v(otum) / [p]osuit [et] matri,,no_doors,,,6,70,,Rc,Museum of Fransiscan monestary at Humac,"Damaged inscription with the top half missing and the first and last letters illegible. Found in secondary use in a Medieval cemetery. No other monument from Bigests-Ljubuški has the cpf title, however, the space where the title may have been on this stelae is obscured, so one can not completely disregard the possibility (hence the date), Tončinić 2011 stresses this point."
82,11,BD-VHAD (8) 1885,,Pre 1885,funerary inscription,yes,cpf,Au]reli / [--- le]g(ionis) VII // C(laudiae) P(iae) F(idelis) / [--- st]ip(endiorum) XXX / [---] f(ilia) Ioventia / [,,,,,42,70,,,Arheološki muzej u Splitu,"Inv. No. A 964. Probably veteran based off the years of service. Too fragmentary to make judgements re 'doors', 'weapons friezes' etc."
83,39,CIL,,Or perhaps Hörmann 1980 if the iscriptions was added in the supplements,boundary inscription,yes,no,L(ucius) Arruntius / Cami[ll]us Scri/b[o]nia[n]us le[g(atus)] pro / pr(aetore) C(ai) [C]ae[s]aris Aug(usti) / Germanici iudicem / dedit M(anium) Coelium ∙>(centurionem) / leg(ionis) VII inter Sapuates / e[t La]matinos ut fines / [reg]eret et terminus po[n(eret)],,,,,40,41,,,lost,"Cast of the monument is now held in National museum in Sarajevo under #111, illustration was made by Patsch 1915, fig. 50."
84,40,,,,stela,yes,no,T(itus) Cissonius / Q(uinti) f(ilius) Serg(ia) / veter(anus) l(egionis) VII dum vixi / bibi libenter bibite vos / qui vivitis / P(ublius) Cissonius Q(uinti) f(ilius) Ser(gia) frater / fecit,,,,,-30,6,My own dates - could be 6-8 ending,,,Referenced in the database in relation to the argument for a Galatian stay prior to Legio VIIs arrival in Dalmatia in 6-9 CE.
85,40,,,,stela,yes,no,L(ucius) Coelius / L(uci) f(ilius) Ani(ensi) mil(es) / leg(ionis) VII ex / test(amento) Faust(us) l(ibertus),,,,,-30,6,My own dates - could be 6-8 ending,,,Referenced in the database in relation to the argument for a Galatian stay prior to Legio VIIs arrival in Dalmatia in 6-9 CE.
86,41,,1888,,stela,yes,no,C. Iulius C. f. Papiria natus Cormasa missicius lecinis VII eques mono mentum fηcit sibi et Iulio Iucundo liberto,"Gaius Julius, son of Gaius, of the Papiria tribe, born in Cormasa, discharged Legio VII cavalryman, set up this monument for himself and (his) freedman, Julius Iucundus.",,,,-30,6,My own dates - could be 6-8 ending,,,Referenced in the database in relation to the argument for a Galatian stay prior to Legio VIIs arrival in Dalmatia in 6-9 CE.
87,42,,1902,,stela,yes,no,"P. Mestrius P.f. Maecianus, ueteranus [leg. VII?], M. Lollio | M. f., ueterano leg. Septumae, amico [bene mereti?] posuit.|",,,,,-30,6,My own dates - could be 6-8 ending,,,Referenced in the database in relation to the argument for a Galatian stay prior to Legio VIIs arrival in Dalmatia in 6-9 CE.
88,35,Matijević 2017,2013,,stela,yes,cpf,C(aius) Auliu[s] C(ai) f(ilius) / Ani(ensis) Secundus / domo Cremona / vet(eranus) leg(ionis) VII C(laudiae) p(iae) f(idelis) / h(ic) s(itus) e(st) Arria / Agat(h)emeris co(n)iugi /caris(s)imo ben[e] / merenti posu[it et(?)] / Q(uinto) Arri(o) Prisc[o(?) p(atri) vel fr(atri) vel p(atrono)] / se viva et / sibi posuit.,"Here lies Gaius Aulius Secundus, son of Gaius, (registered in the voting tribe Aniensis, (from) the city of Cremona, veteran of legio VII Claudia pia fidelis. Arria Agathemeris made this for herself and her well-deserving husband, [and(?)] Quintus Arrius Priscus (?) [father or brother or patron]",,no_portrait,no_weapons,42,70,,Rc,In secondary (tertiary?) use in modern house (Yippee),"Now in secondary situ (in multiple pieces) inside a modern house. It was damaged during excvation, but is thought to have originally been in situ."
89,7,Tončinić 2011,,,stela,maybe,maybe,mil(es) leg(ionis) V[II ---] an(n)or(um) XXIV stip(endorium) V h(ic) e(st) frater pos(u)it,,,,,6,59,,,Arheološki muzej u Splitu,"Inv. No. AMS 71290. Never been published, very fragmentary, split in half. Room for cpf title, but no indication of whether or not it had one. Tončinić 2011 dates it to beyond 42 CE but gives no evidence, and suggests it is a Legio VII member, but it may also be Legio V or VII, for findsite is unknown."
90,43,CIL,,,funerary inscription,yes,no,Rutilia [---] / v(iva) f(ecit) sibi et Ar[---] / Tusco patri mil(iti) / leg(ionis) VII et A[---] / Primioni f[ilio] / et Rutiliae Fes[tae(?)] / defunctae,,,,,6,42,,,lost,
91,11,BD-VHAD (22) 1899,1899,,inscription fragment,yes,cpf,] T(iti) f(ilius) Q[uir(ina?) ---] / [--- leg(ionis)] VII C(laudiae) P(iae) [F(idelis) ---] / [---] Respe[ctus] / [--- A]basca[ntus,,,,,42,59,,,Arheološki muzej u Splitu,"Inv. No. A 2570. Small fragment, therefore not sure if it should be considered an inscription or a stelae - went with funerary inscription for statistical reasons."
92,44,CIL,,,funerary inscription,maybe,no,Ant]onius / [---] Vienn[a ---] / [--- l]eg(ionis) VII[---] / [---] sti[p(endiorum),,,,,6,59,,,lost,"Cesarik 2016 has argued convivngly that this stelae belongs to Legio VIII augusta, however, his evidence is not (and, to be fair, cannot be) conclusive, and it has been included as a potential monument of Legio VII. He reconstruction it as: Ant]onius / [---] Vienn[a ---] / [--- l]eg(ionis) VII[I Aug(ustae)] / [---] sti[p(endiorum)."
93,11,CIL,,,funerary inscription,maybe,maybe,] Sp(uri) f(ilius) Vale[---] / [---] Vet(uria) Place[ntia ---] / [--- le]g(ionis) VI[I,,,,,6,59,,,lost,"Section where the cpf title could be is broken off, hence the dating."
94,45,BD-VHAD (26) 1903,1900,Found between 1900-1902,inscription fragment,yes,maybe,]e mul[---] / [---] Capit[o(?) ---] / [---] leg(ionis?) VII [,]Capito[---]Legio VII[,,,,6,59,,,Arheološki muzej u Splitu,"Inv. No. A 3228. Section where cpf title could be is broken off, hence the dating. Found in 1900-1902 during reconstructions of cemetery at Klis.  Tončinić 2011 suggests its origins in Eastern Necropolis, based off its the vicinity to the cemetery, and the number of Legio VII stele found there. Considered here as a funerary inscription, but could be a regular inscription."
95,8,,,,inscription fragment,yes,maybe,l]eg(ionis) VII [---] / [---]ia Leg[,[---] Legio VII[--]ia leg[---],,,,6,59,,,Arheološki muzej u Splitu,"Inv. No. A 2111. Found in the Salonitan North Necropolis on Porta Suburia Route I, where, as Tončinić 2011 notes, MonumentID 8, 24, 62 were also found."
96,11,CIL,,Found prior to first CIL III edition,inscription fragment,maybe,maybe,]ru[---] / [---] mil[es] / [legionis?] VII [,] soldier of Legio VII [,,,,6,59,,,lost,
97,13,BD-VHAD (26) 1903,,,inscription fragment,maybe,maybe,]S C Pala/[tina(?) --- leg(ionis)] VII / [,Palatina? [---] of Legio VII?,,,,6,59,,,Arheološki muzej u Splitu,"Inv. No. A 3239. Built into a house at Gardun, while it could belong to any other cohort or Legio with VII in their title, it is likley Legio VII, for it is at Tilurium. One should note that the number could also be a statement of age or service however."
98,11,CIL,,Found prior to first CIL III edition,funerary inscription,maybe,maybe,]OL[---] / [ve]ter(anus) leg(ionis) / [VII Cl(audiae)] P(iae) E=f(idelis) v(ivus) f(ecit) / [sibi et] suis,,,,,42,70,,,lost,The 'f' is used to reconstruct claudia pia] f(idelis). Could therefore be for Legio IX Claudia Pia Fidelis as well as VII.
99,8,BD-VHAD (27) 1904,,,funerary inscription,maybe,maybe,]SF[---] / [--- leg(ionis) ---] C(laudiae) P(iae) [F(idelis) ---] / [---]XIIX[---] / [---]CFT[,[--- legio] Claudia Pia Fidelis [VII or XI?] XIIX [---] c f t [--],,,,42,59,Depends if you take it to have CPF or not,,Arheološki muzej u Splitu,"Inv. No. A 3209. Could be Legio XI or VII. Found in North Necropolis near ampitheatre. Other Legio VII monuments were found in this area, so Leigo VII may be more likley. "
100,13,BD-VHAD (63/64) 1961/1962,1963,Found in wall in Gardun,stela,maybe,maybe,[--- c]enturio le[g(ionis) VII],a Centurion of Legio [VII?,doors,,,6,59,,,lost,"Found at Gardun (Tilurium), and bears the door motif which is upon a number of Legio VII stelae. As such, it may belong to a Legio VII member. The photograph (which is all that is left) is from BD-VAHD 1962-1963."
101,11,CIL,,,sacral monument,yes,maybe,m]iles leg(ionis) VI[I --] / [---] Veneri don[um] / [no]m(ine) cognation[is] / [Cl]odior(um) CVI[,,,,,6,59,,,Arheološki muzej u Splitu,"Inv. No. A 1365. The location and title makes it very likley that it is legio VII, for Tilurium was their camp."
102,46,Jelčić 1981,1981,,altar,yes,cpf,Hercu(li) / sacrum / [P(ublius)] Plotius ∙>∙(centurio) leg(ionis) / VII C(laudiae) P(iae) F(idelis) / v(otum) s(olvit) l(ibens) m(erito),,,,,42,59,,,Trogir City Museum,"Inv. No. 683. The name is reconstructed based on the existence of a stelae (ILJug 2601, MonumentID 60) from Salona which records a centurion of legio VII named Publius Plotius (it is assumed they are the same person)."
103,47,CIL,,,sacral monument,maybe,maybe,] / Nymp[his] / sacr[um] / [-] Iulius [---]/us >(centurio) l[eg(ionis)] / [VII] C(laudiae) P(iae) [F(idelis)] / [cu]m Pri[,,,,,42,59,,,Arheološki muzej u Splitu,"Inv. No. A 2732. The Name is a reconstruction - its inclusion is only tentative, as is its dating. It could refer to Legio XI as well as only the CP[F] is recorded"
104,48,CIL,,Possibly in BD-VAHD 1879,boundary inscription,yes,no,E]x edict<o=u>  P(ubli) Cor/neli Dolabel(la)e leg(ati) / pro praetore determinav[it] / S(extus) Titius Geminus / pri(nceps) posterior leg(ionis) / VII inter Neditas / et Corinienses / restituit iussu A(uli) / Duceni Gemini / leg(ati) Augusti pr(o) p[r(aetore)] / per A(ulum) Resium [M]a/ximum >(centurionem) leg(ionis) XI / C(laudiae) P(iae) F(idelis) pr(incipem) posterior(em) / et Q(uintum) Aebutium / Liberalem (h)astat(um) / posteriore(m) leg(ionis) / eiusdem,,,,,63,67,It refers to the renewal of a demarcation made by Legio VII member between 14-20 CE however,,Arheološki muzej u Zadru,"Inv. No. A 18229. The monument mdates to 63-67 CE, but it refers to (and renews) a demarcation which was undertaken by a Legio VII member working under Dolabella. Thus the individual mentioned was active in 14-20 CE."
105,7,CIL,,,boundary inscription,yes,no,L[---] / [---]nus Laco / [cent(urio?)] leg(ionis) VII iudex / [--- datu]s ex convent/[ione eo]r(um) ab L(ucio) Volu[sio] / Saturnino le[g(ato)] / [p]ro pr(aetore) C(ai) Caesari[s] / [A]ugusti Germ[a]/[ni]ci inter Ned[i]/[tas et,,,,,37,41,Dated based off of the fact that the isncription mentions Caligula.,,lost,"Wilkes 1969 claimed he saw the inscription in Fransiscan monestary in Karin, but it was not there in 2011 according to Tončinić."
106,49,CIL,,Or maybe Hula 1890,boundary inscription,yes,no,L(ucius) Trebius / Secundus pr/aef(e)ctus castr/orum inter / Onastinos et / Narestinos ter/minos pos(u)it ius/su L(uci) Volusi Satu/rni(ni) leg(ati) pro pr/aetore C(ai) Ca[es]/[ari]s Au[g]usti G/[e]rmanici ex / sentent(ent)i/a quam i(i)s ath/irito consi (!)/lio dixit,,,,,37,41,Dated based off of the fact that the isncription mentions Caligula.,,Arheološki muzej u Splitu,"Cat. No. A 1534. Does not mention Legio VII explicitly, but Tilurium is the closest military base from where the stela was found, and it dates to their stay at the camp."
107,50,CIL,,Or maybe Hula 1890,boundary inscription,maybe,no,Vib]ullius t[rib(unus?)] / [le]g(ionis) VII et L(ucius) Sa[l]/[vius] M(arcus) Sueto ce[n]/[t]uriones leg(ionis) X[I] / [iu]dices d[a]ti ex / [co]<n=M>ventione a / [L(ucio) V]olusio Satur/[ni]no leg(ato) pro pr(aetore) / [C(ai) C]aesaris Aug(usti) / [Ger]manici inter / [---]tine[s] e[t ---],,,,,37,41,Dated based off of the fact that the isncription mentions Caligula.,,lost,"Figure/Illustration is provided by Patsch 1985, fig. 76; Wilkes 1974, fig. 4"
108,51,CIL,,,boundary inscription,yes,no,[--- i]nter Ner[a]/[sti]nos et Pitunti/nos termini r[ec]/[o]gniti et restitu[ti] a / [P]isone leg(ato) pro pr(a)etore / [Ti(beri)] Claudi Caesaris [Aug(usti)] / Germanici per C(aium) Ma[r]/ium Maternum ∙>∙(centurionem) leg(ionis) / VII C(laudiae) P(iae) F(idelis) quos L(ucius) Volus/[ius Saturninus,,,,,42,50,Dated to Piso's consulship of Dalmatia,,In secondary use in Graveyard attached to Church of St. Luke,
109,26,Čače 2003,,,boundary inscription,yes,no,Ex [dec(reto) P(ubli) Corn(eli)] / Dol(abellae) leg(ati) pr(o) [pr(aetore)] / det(erminavit) C(aius) Titius / Geminus >(centurio) / leg(ionis) VII inte[r] / Asser(iates) et C[or(nienses)],,,,,63,67,It refers to the renewal of a demarcation made by Legio VII member between 14-20 CE however,,lost,"Individual refered to in this stelae could be the same as the one referenced in CIL 3, 9973. Čače believed this arguing that the name sextus in CIL 3, 9973 was incorrect, and should be Gaius ('G' not 'S'). However, it could also be a brother, hence the hesitation to confirm Gaius' position as a centurio."
110,52,"Tončinić, Tabak, Librenjak 2011",,,tegula,yes,cpf,Leg(ionis) VII [C(laudiae) P(iae) F(idelis)],,,,,42,59,,,Fransiscan monastery collection in Sinj,"Inv. No. RK 19. Whilst only 'LEG(io)VIIC(laudia)[--- is visible, it can relatively safely be reconstructed to CP(iae)F(idelis) as well. Tončinić 2011, 122."
111,52,"Tončinić, Tabak, Librenjak 2011",,,tegula,yes,cpf,[Leg(ionis)] VII C(laudiae) P(iae) F(idelis),,,,,42,59,,,Fransiscan monastery collection in Sinj,Inv. No. RK 20
112,52,"Tončinić, Tabak, Librenjak 2011",,,tegula,yes,cpf,[L]eg(ionis) VII C(laudiae) P(iae) F(idelis),,,,,42,59,,,Fransiscan monastery collection in Sinj,Inv. No. RK 22
113,52,"Tončinić, Tabak, Librenjak 2011",,,tegula,yes,cpf,[L]eg(ionis) VII C(laudiae) P(iae) F(idelis),,,,,42,59,,,Fransiscan monastery collection in Sinj,Inv. No. RK 23
114,52,"Tončinić, Tabak, Librenjak 2011",,,tegula,yes,cpf,Leg(ionis) VII C(laudiae) P(iae) F(idelis),,,,,42,59,,,Fransiscan monastery collection in Sinj,Inv. No. RK 24
115,52,"Tončinić, Tabak, Librenjak 2011",,,tegula,yes,cpf,Leg(ionis) VII C(laudiae) P(iae) F(idelis),,,,,42,59,,,Fransiscan monastery collection in Sinj,Inv. No. RK 26
116,52,"Tončinić, Tabak, Librenjak 2011",,,tegula,yes,cpf,[Leg(ionis)] VII C(laudiae) P(iae) F(idelis),,,,,42,59,,,Fransiscan monastery collection in Sinj,Inv. No. RK 27
117,53,Babić 2008,,,tegula,yes,cpf,Leg(ionis) VII C(laudiae) P(iae) F(idelis),,,,,42,59,,,Fransiscan monastery collection in Sinj,Inv. No. RK 28
118,52,"Tončinić, Tabak, Librenjak 2011",,,tegula,yes,cpf,Leg(ionis) VII C(laudiae) P(iae) F(idelis),,,,,42,59,,,Fransiscan monastery collection in Sinj,Inv. No. RK 29
119,52,"Tončinić, Tabak, Librenjak 2011",,,tegula,yes,cpf,Leg(ionis) VII C(laudiae) [P(iae) F(idelis)],,,,,42,59,,,Fransiscan monastery collection in Sinj,Inv. No. RK 34
120,52,"Tončinić, Tabak, Librenjak 2011",,,tegula,yes,cpf,Leg(ionis) VII C(laudiae) P(iae) F(idelis),,,,,42,59,,,Fransiscan monastery collection in Sinj,Inv. No. RK 48
121,54,"Tončinić, Tabak, Librenjak 2011",1959,,tegula,yes,cpf,Leg(ionis) VII C(laudiae) P(iae) F(idelis),,,,,42,59,,,cetina krajina museum,Inv. No. MCK-B-920
122,6,"Tončinić, Tabak, Librenjak 2011",,,tegula,yes,cpf,Leg(ionis) VII C(laudiae) P(iae) F(idelis),,,,,42,59,,,cetina krajina museum,Inv. No. MCK-AZ-301
123,54,"Tončinić, Tabak, Librenjak 2011",1979,,tegula,yes,cpf,Leg(ionis) VII C(laudiae) P(iae) F(idelis),,,,,42,59,,,cetina krajina museum,Inv. No. MCK-AZ-388
124,6,Tončinić 2003,,,tegula,yes,maybe,[L]eg(ionis) VII [C(laudiae) P(iae) F(idelis)],,,,,40,59,"May date to soon before the acquisition of the CPF title, but not long before, as the stamping of tiles only really became a common feature of military life in the mid-1st century. Tončinić 2011: 132-133",,Triljskog kraja Museum,Inv. No. MTK 932
125,6,"Tončinić, Tabak, Librenjak 2011",,,tegula,yes,cpf,[Leg(ionis)] VII C(laudiae) [P(iae) F(idelis)],,,,,42,59,,,Triljskog kraja Museum,Inv. No. MTK 1705
126,17,Cambi 1994,1979,,stela,no,no,Severus Triocha/ri f(ilius) Ubius / eq(ues) ala(e) Tu/ngr(orum) ann(orum) / XXVI sti(pendiorum) V / h(ic) s(itus) e(st) Urban/us fratri pos(u)it,,doors,no_portrait,no_weapons,20,50,Date provided by Cambi 1994,,Arheološki muzej u Splitu,"Inv. No. A 5961. While this stela does not belong to a Legio VII legionary, it is included in this DB as an exemplum of how the stelae produced at Tilurium changed in style over time. Cambi 1994: e.g. One can see a reduction in the four pannels motif, with this stelae depicting two pannels "
127,17,Cambi 1994,1979,,stela,no,no,C(aius) Iulius Bar/cenei f(ilius) The/odorus m/iles coh(ortis) II / Cyrrhesta/rum annor(um) / LXV stipen(diorum) XLII / h(ic) s(itus) e(st) posuit / C(aius) Iulius Scapula / frat(er),,reduced doors,no_portrait,no_weapons,40,80,Date provided by Cambi 1994,,Arheološki muzej u Splitu,"Inv. No. A 5962. While this stela does not belong to a Legio VII legionary, it is included in this DB as an exemplum of other military funerary stelae which would have been situated near or beside those of Legio VII members. It is also an example of a stela produced at the Tilurium workshop, in a different style to that typical of monuments belonging to Legio VII legionaries"
128,17,Cambi 1994,1979,,stela,no,no,C(aius) Iulius An/dromachus / miles coh(ortis) II / Cyrr(h)estar(um) ann(orum) LXV stipend(iorum) / XXXX / C(aius) Iulius Apolla / sodalis vo(tum) posuit,,reduced doors,no_portrait,no_weapons,40,80,Date provided by Cambi 1994,,Arheološki muzej u Splitu,"Inv. No. A 5963. While this stela does not belong to a Legio VII legionary, it is included in this DB as an exemplum of how the stelae produced at Tilurium changed in style over time. Cambi 1994: e.g. One can see a reduction in the four pannels motif, with this stelae depicting two pannels "
129,55,MAMA,1929,Found between 1929-1830,stela,yes,no,Γάϊοσ Παίνιοσ Νουμίσιοσ ἱππεὺσ οὐετπρανὸσ ληγεωνοσ ἑβδόμησ ἑαυτω καὶ τοῖσ ἰδίοισ,"Gaius Painius Numisius, veteran cavalryman of the seventh legion, set this up for himself and his descendants",no_doors,no_portrait,no_weapons,-30,6,My own dates - could be 6-8 ending,,lost,Included here because it is evidence of Legio VII's stay in Galatia prior to its arrival in Dalmatia in c.6-9 CE
