MonumentCorpusID,MonumentID,CorpusName,Reference,isPrimaryReference
1,1,CIL,"03, 02908",1
2,1,"Tončinić",092,
3,1,Betz,001,
4,1,Betz,084,
5,1,"Other Ref","ILS 2280",
6,1,"Other Ref","Jagenteufel 1958, no.3.3",
7,1,EDH,https://edh-www.adw.uni-heidelberg.de/edh/inschrift/HD032704,
8,1,"Other Ref","Banko, Sticotti 1895, 98ff",
9,2,"Tončinić",073,
10,2,CIL,"03, 02733",1
11,2,Betz,072,
12,2,AE,"1977, 0613",
13,2,"Other Ref","Galsterer 1971",
14,2,"Other Ref","Demicheli, Tončinić 2012",
15,3,CIL,"03, 03198a",1
16,3,CIL,"03, 03200",
17,3,CIL,"03, 10156",
18,3,CIL,"03, 10158",
19,3,CIL,"17-04, 00130",
20,3,AE,"1961, 0304",
21,3,AE,"2006, +1004",
22,3,ILJug,"1, 0262",
23,3,"Tončinić",091,
24,3,"Other Ref","Sanader Tončinić 2013",
25,3,"Other Ref","ILS 2478",
26,3,"Other Ref","ILS 5829",
27,4,"Tončinić",066,1
28,4,"Other Ref","Milošević 1998, 151",
29,4,"Other Ref","Demicheli 2011, 71-72 no. 1",
30,4,"Other Ref","Demicheli, Tončinić 2008",
31,5,AE,"1999, 1230",1
32,5,EDH,https://edh-www.adw.uni-heidelberg.de/edh/inschrift/HD039866,
33,5,"Other Ref","Sanader 2000, figs 4 and 6",
34,5,"Other Ref","Sanader, Milićević Bradač, Demicheli 2007",
35,5,"Other Ref","Sanader, Milićević Bradač, Demicheli 2013",
36,5,"Tončinić",001,
37,6,CIL,"03, 02709",1
38,6,"Tončinić",002,
39,6,"Other Ref","Hoffmann 1905, no.42",
40,6,Betz,021,
41,6,"Other Ref","Wilkes 1969, 463",
42,6,"Other Ref","Fadić 1997, no.1",
43,6,EDH,https://edh-www.adw.uni-heidelberg.de/edh/inschrift/HD058869,
44,6,"Other Ref","ILS 2252",
45,7,CIL,"03, 03162a",1
46,7,"Tončinić",003,
47,7,"Other Ref","Hofmann 1905, no. 37",
48,7,Betz,018,
49,7,EDH,https://edh-www.adw.uni-heidelberg.de/edh/inschrift/HD062298,
50,8,"Tončinić",004,
51,8,ILJug,"3, 2091",1
52,8,Betz,044,
53,8,"Other Ref","Wilkes 1969, 463",
54,8,"Other Ref","Miletić 1989, 102-106",
55,8,"Other Ref","Miletić 1990, 169",
56,8,EDH,https://edh-www.adw.uni-heidelberg.de/edh/inschrift/HD034435,
57,8,"Other Ref","BD-VAHD (37) 1914, no. 4657 A",
58,9,CIL,"03, 08723",1
59,9,"Other Ref","BD-VAHD (11) 1888, no. 94",
60,9,Betz,022,
61,9,"Tončinić",005,
62,9,"Other Ref","Miletić 1991, 27-34",
63,9,"Other Ref","Miletić 1989, 66-71",
64,9,EDH,https://edh-www.adw.uni-heidelberg.de/edh/inschrift/HD062488,
65,10,"Tončinić",006,
66,10,"Other Ref","Fadić 1995, 163-187",
67,10,AE,"1995, 1231",1
68,10,"Other Ref","Šegvić 1996, no. 31",
69,10,"Other Ref","Fadić 1997, no.7",
70,10,EDH,https://edh-www.adw.uni-heidelberg.de/edh/inschrift/HD040156,
71,11,CIL,"03, 02913",1
72,11,Betz,046,
73,11,"Tončinić",007,
74,11,EDH,https://edh-www.adw.uni-heidelberg.de/edh/inschrift/HD060144,
75,11,"Other Ref","Nedved 1992, no.7",
76,11,"Other Ref","Kurilić 1999, 1160",
77,12,"Tončinić",008,
78,12,CIL,"03, 09733",1
79,12,Betz,023,
80,12,"Other Ref","BD-VAHD (1) 1878, no.24",
81,12,"Other Ref","Wilkes 1969, 463",
82,12,"Other Ref","Sanader, Milićević Bradač, Demicheli 2007",
83,12,"Other Ref","Sanader, Milićević Bradač, Demicheli 2013",
84,12,EDH,https://edh-www.adw.uni-heidelberg.de/edh/inschrift/HD058840,
85,12,"Other Ref","Rendić-Miočević 1987, 226",
86,12,"Other Ref","Fadić 1997, no. 11",
87,13,"Tončinić",009,
88,13,CIL,"03, 08735",1
89,13,Betz,014,
90,13,"Other Ref","BD-VAHD (5) 1882, no.11",
91,13,"Other Ref","Wilkes 1969, 467",
92,13,EDH,https://edh-www.adw.uni-heidelberg.de/edh/inschrift/HD062531,
93,13,"Other Ref","BD-VAHD (8), no. 311",
94,14,CIL,"03, 02014",1
95,14,"Other Ref","Hoffmann 1905, no.46",
96,14,"Tončinić",010,
97,14,Betz,048,
98,14,"Other Ref","Wilkes 1969, 460",
99,14,EDH,https://edh-www.adw.uni-heidelberg.de/edh/inschrift/HD054710,
100,14,"Other Ref","Marsić 2010, 67-78",
101,15,CIL,"03, 08487",1
102,15,"Tončinić",011,
103,15,Betz,052,
104,15,"Other Ref","Wilkes 1969, 463",
105,15,EDH,https://edh-www.adw.uni-heidelberg.de/edh/inschrift/HD058380,
106,15,"Other Ref","Hoernes 1880, 37-38",
107,15,"Other Ref","BD-VAHD (8), no. 147",
108,15,"Other Ref","Patsch 1908, 111",
109,15,"Other Ref","Bojanovski 1988, no. 19",
110,15,"Other Ref","Bojanovski 1985, 90",
111,15,"Other Ref","Dodig 2005a, no. 1",
112,15,"Other Ref","Dodig 2006, no. 5",
113,16,CIL,"03, 02710",1
114,16,"Other Ref","ILS 2253",
115,16,CIL,"03, 09726",
116,16,"Other Ref","Hofmann 1905, no. 43",
117,16,Betz,051,
118,16,"Tončinić",012,
119,16,"Other Ref","Wilkes 1969, 463",
120,16,"Other Ref","Medini 1984, 108-109, no. 2",
121,16,"Other Ref","Fadić 1997, no. 2",
122,16,EDH,https://edh-www.adw.uni-heidelberg.de/edh/inschrift/HD058819,
123,17,"Tončinić",013,
124,17,Betz,008,
125,17,CIL,"03, 02914",1
126,17,"Other Ref","Nedved 1992, no.8",
127,17,"Other Ref","Kurilić 1999, 1878",
128,17,EDH,https://edh-www.adw.uni-heidelberg.de/edh/inschrift/HD060145,
129,18,"Tončinić",014,
130,18,Betz,080,
131,18,ILJug,"3, 1949",1
132,18,"Other Ref","Hofmann 1905, 88",
133,18,"Other Ref","Wilkes 1969, 463",
134,18,"Other Ref","Fadić 1997, no. 20",
135,18,EDH,https://edh-www.adw.uni-heidelberg.de/edh/inschrift/HD034293,
136,18,"Other Ref","BD-VAHD (26) 1903, no. 3321",
137,19,CIL,"03, 02022",1
138,19,"Tončinić",015,
139,19,Betz,054,
140,19,EDH,https://edh-www.adw.uni-heidelberg.de/edh/inschrift/HD054723,
141,20,CIL,"03, 01813",1
142,20,"Tončinić",016,
143,20,Betz,055,
144,20,AE,"1999, 1221",
145,20,"Other Ref","Marin et.al.1999, no.32",
146,20,"Other Ref","Wilkes 1969, 468",
147,20,"Other Ref","Bojanovski 1988, no. 27",
148,20,EDH,https://edh-www.adw.uni-heidelberg.de/edh/inschrift/HD051071,
149,21,CIL,"03, 06364",1
150,21,CIL,"03, 08488",
151,21,"Tončinić",017,
152,21,Betz,056,
153,21,"Other Ref","BD-VAHD (6) 1883, 82 no. 31",
154,21,"Other Ref","Patsch 1914, 167",
155,21,"Other Ref","Patsch 1908, 111",
156,21,"Other Ref","Bojanovski 1988, no. 28",
157,21,"Other Ref","Dodig 2005a, no. 2",
158,21,EDH,https://edh-www.adw.uni-heidelberg.de/edh/inschrift/HD058381,
159,22,CIL,"03, 02033",1
160,22,Betz,057,
161,22,"Tončinić",018,
162,22,EDH,https://edh-www.adw.uni-heidelberg.de/edh/inschrift/HD054808,
163,23,CIL,"03, 07386",1
164,23,"Other Ref","IK 19, 0043",
165,24,"Tončinić",019,
166,24,Betz,081,
167,24,ILJug,"3, 2105",1
168,24,"Other Ref","Wilkes 1969, 466",
169,24,"Other Ref","BD-VAHD (37) 1914, 65 no.4656A",
170,24,"Other Ref","Miletić 1989, 102-106",
171,24,"Other Ref","Miletić 1990, 169-180",
172,24,EDH,https://edh-www.adw.uni-heidelberg.de/edh/inschrift/HD034445,
173,25,ILJug,"3, 1950",1
174,25,"Tončinić",020,
175,25,Betz,028,
176,25,"Other Ref","CLE 1876 = Carmina Latina Epigraphica, hrsg. v. F. Bücheler - E. Lommatzsch, Leipzig 1930.",
177,25,"Other Ref","BD-VAHD (31) 1908, 79 no. 3959 A",
178,25,"Other Ref","Rendić-Miočević 1987, 228",
179,25,"Other Ref","Fadić, 1997, no. 10",
180,25,"Other Ref","Sanader, Milićević Bradač, Demicheli 2007",
181,25,"Other Ref","Sanader, Milićević Bradač, Demicheli 2013",
182,25,EDH,https://edh-www.adw.uni-heidelberg.de/edh/inschrift/HD034294,
183,26,"Tončinić",021,
184,26,AE,"1994, 1355",1
185,26,"Other Ref","Cambi 1994, 154-156",
186,26,"Other Ref","Cambi 2001, 84-85, 99",
187,26,EDH,https://edh-www.adw.uni-heidelberg.de/edh/inschrift/HD039996,
188,26,"Other Ref","Šegvić 1996, no. 25",
189,27,CIL,"03, 02714",1
190,27,CIL,"03, 09736",
191,27,"Tončinić",022,
192,27,Betz,027,
193,27,"Other Ref","BD-VAHD (1) 1878, 20",
194,27,"Other Ref","Fadić 1997, no. 3",
195,27,EDH,https://edh-www.adw.uni-heidelberg.de/edh/inschrift/HD058848,
196,28,CIL,"03, 02885",1
197,28,"Tončinić",023,
198,28,Betz,029,
199,28,"Other Ref","Wilkes 1969, 467",
200,28,EDH,https://edh-www.adw.uni-heidelberg.de/edh/inschrift/HD060048,
201,29,CIL,"03, 02715",1
202,29,"Tončinić",024,
203,29,Betz,030,
204,29,"Other Ref","Fadić 1995, no.4",
205,29,"Other Ref","Wilkes 1969, 467",
206,29,EDH,https://edh-www.adw.uni-heidelberg.de/edh/inschrift/HD062415,
207,30,CIL,"03, 13976",1
208,30,"Tončinić",025,
209,30,Betz,024,
210,30,AE,"2007, 1104",
211,30,"Other Ref","BD-VAHD (17) 1894, 4 no. 2",
212,30,"Other Ref","Patsch 1897, no. 10",
213,30,"Other Ref","Wilkes 1969, 461",
214,30,"Other Ref","Fadić 1997, no. 18",
215,30,"Other Ref","Tončinić 2007",
216,30,EDH,https://edh-www.adw.uni-heidelberg.de/edh/inschrift/HD058783,
217,31,CIL,"03, 09734",1
218,31,"Tončinić",026,
219,31,Betz,025,
220,31,ILJug,"1, 0146",
221,31,"Other Ref","BD-VAHD (11) 1888, 99 no.55",
222,31,"Other Ref","Wilkes 1969, 462",
223,31,"Other Ref","Fadić 1997, no. 12",
224,31,EDH,https://edh-www.adw.uni-heidelberg.de/edh/inschrift/HD058787,
225,32,CIL,"03, 02019",1
226,32,"Tončinić",027,
227,32,Betz,049,
228,32,"Other Ref","Wilkes 1969, 462",
229,32,"Other Ref","ILS 7161",
230,32,EDH,https://edh-www.adw.uni-heidelberg.de/edh/inschrift/HD054720,
231,33,CIL,"03, 14244/1",1
232,33,CIL,"11, 00021 (p 1227)",
233,33,"Tončinić",028,
234,33,Betz,050,
235,33,"Other Ref","Wilkes 1969, 460",
236,33,EDH,https://edh-www.adw.uni-heidelberg.de/edh/inschrift/HD062044,
237,34,CIL,"03, 14931",1
238,34,"Tončinić",029,
239,34,Betz,031,
240,34,AE,"1897, 0105",
241,34,"Other Ref","BD-VAHD (20) 1897, 130 no.2368",
242,34,"Other Ref","Wilkes 1969, 460",
243,34,"Other Ref","Fadić 1997, no. 16",
244,34,EDH,https://edh-www.adw.uni-heidelberg.de/edh/inschrift/HD022811,
245,35,CIL,"03, 01814",1
246,35,"Tončinić",030,
247,35,Betz,019,
248,35,"Other Ref","Wilkes 1969, 460",
249,35,"Other Ref","Bojanovski 1988, 384",
250,35,EDH,https://edh-www.adw.uni-heidelberg.de/edh/inschrift/HD053442,
251,36,CIL,"17-4, 00363",1
252,36,ILJug,"3, 2974",
253,36,"Other Ref","Sanader, Tončinić 2013, 414",
254,36,EDH,"https://edh-www.adw.uni-heidelberg.de/edh/inschrift/HD035340 ",
255,36,"Other Ref","Bojanovski 1978, GodAkSarajevo 17, 68 n. 34. ",
256,36,"Other Ref","Bojanovski 1977, GodAkSarajevo 15, 121-122; point, 2, 2",
257,37,CIL,"17-4, 00342",1
258,37,ILJug,"3, 2982",
259,37,"Other Ref","Sanader, Tončinić 2013, 414",
260,37,EDH,"https://edh-www.adw.uni-heidelberg.de/edh/inschrift/HD035356 ",
261,37,"Other Ref","BD-VAHD (49) 1926/7, 142-144, no. 3",
262,38,CIL,"03, 03202",1
263,38,CIL,"17-4, 00323a",
264,38,"Other Ref","ILS 0393",
265,38,"Other Ref","Sanader, Tončinić 2013",
266,39,CIL,"03, 14514",1
267,39,AE,"1901, 0127b",
268,39,AE,"1902, 0025",
269,39,"Other Ref","IMS 2, 101",
270,39,"Other Ref","Sanader, Tončinić 2013",
271,40,"Tončinić",031,
272,40,Betz,058,
273,40,AE,"2000, 1174",1
274,40,"Other Ref","Wilkes 1969, 462",
275,40,"Other Ref","Paškvalin 1985, 120",
276,40,"Other Ref","Atanacković-Salčić 1981, 263-264 no. 2",
277,40,"Other Ref","Bojanovski 1988, 384 no. 35",
278,40,"Other Ref","Škegro 1997, 86 no. 3",
279,40,"Other Ref","Marin et.al. 2000, 510 no. 1",
280,40,"Other Ref","Dodig 2005a, 212 no. 8",
281,40,EDH,https://edh-www.adw.uni-heidelberg.de/edh/inschrift/HD039805,
282,41,"Tončinić",032,
283,41,Betz,059,
284,41,ILJug,"3, 1920",1
285,41,"Other Ref","Patsch 1912, 131-133 no. 1",
286,41,"Other Ref","Patsch 1914, 167",
287,41,"Other Ref","Wilkes 1969, 462",
288,41,"Other Ref","Cambi 1989, 47-48",
289,41,"Other Ref","Bojanovski 1988, 384 no. 36",
290,41,"Other Ref","Dodig 2005a, 211 no. 6",
291,41,EDH,https://edh-www.adw.uni-heidelberg.de/edh/inschrift/HD034239,
292,42,"Tončinić",033,
293,42,AE,"1996, 1215",1
294,42,"Other Ref","Maršić 1997, 112-113 no.9",
295,42,"Other Ref","Maršić, Matijević 2000, 34-35 no.17",
296,42,EDH,https://edh-www.adw.uni-heidelberg.de/edh/inschrift/HD039979,
297,43,"Tončinić",034,
298,43,CIL,"03, 09737",1
299,43,Betz,032,
300,43,"Other Ref","BD-VAHD (1) 1878, 18",
301,43,"Other Ref","Hofmann 1905, 57-58 no.45",
302,43,"Other Ref","Wilkes 1969, 463",
303,43,"Other Ref","Medini 1984, 107-108 no.1",
304,43,"Other Ref","Fadić 1997, 81 no. 13",
305,43,EDH,https://edh-www.adw.uni-heidelberg.de/edh/inschrift/HD054439,
306,44,CIL,"03, 02040",1
307,44,"Tončinić",035,
308,44,Betz,015,
309,44,AE,"2010, +1166",
310,44,"Other Ref","Wilkes 1969, 461",
311,44,EDH,https://edh-www.adw.uni-heidelberg.de/edh/inschrift/HD063842,
312,44,"Other Ref","Maršić 2010, 65-67",
313,45,CIL,"03, 02041",1
314,45,"Tončinić",036,
315,45,Betz,060,
316,45,"Other Ref","Wilkes 1969, 461",
317,45,EDH,https://edh-www.adw.uni-heidelberg.de/edh/inschrift/HD063843,
318,46,CIL,"03, 09939",1
319,46,"Tončinić",037,
320,46,Betz,061,
321,46,"Other Ref","BD-VAHD (13) 1890, 5 no.3",
322,46,AE,"1890, 0051",
323,46,"Other Ref","Wilkes 1969, 461",
324,46,"Other Ref","Kurilić 1999, 1878",
325,46,EDH,https://edh-www.adw.uni-heidelberg.de/edh/inschrift/HD058032,
326,47,"Tončinić",038,
327,47,Betz,033,
328,47,ILJug,"3, 2092",
329,47,"Other Ref","BD-VAHD (26) 1903, 193 no.3150",
330,47,AE,"1904, 0172",1
331,47,"Other Ref","Wilkes 1969, 462",
332,47,EDH,https://edh-www.adw.uni-heidelberg.de/edh/inschrift/HD033465,
333,48,CIL,"03, 14932",1
334,48,CIL,"03, 09737",
335,48,"Tončinić",039,
336,48,Betz,034,
337,48,AE,"1900, 0046",
338,48,"Other Ref","BD-VAHD (23) 1900, 7 no. 2459",
339,48,"Other Ref","Wilkes 1969, 460",
340,48,"Other Ref","Fadić 1997, 81 no. 17",
341,48,EDH,https://edh-www.adw.uni-heidelberg.de/edh/inschrift/HD028177,
342,49,"Tončinić",040,1
343,49,"Other Ref","Truhelka 1893, 673",
344,49,"Other Ref","Bojanovski 1985, 72-74 no.3",
345,49,"Other Ref","Dodig 2003, 235-237 no. 4, pl. III. figs. 1-2.",
346,49,"Other Ref","Dodig 2005a, 212 no.10",
347,49,"Other Ref","Dodig 2005b, 205-206 pl.I fig. 1",
348,50,"Tončinić",041,
349,50,AE,"1991, 1291",1
350,50,"Other Ref","Cambi 1986, 81ff",
351,50,"Other Ref","Cambi 1990, 61-72",
352,50,"Other Ref","Miletić 1991, 28, 33",
353,50,EDH,https://edh-www.adw.uni-heidelberg.de/edh/inschrift/HD039727,
354,51,"Tončinić",042,
355,51,AE,"1995, 1232",1
356,51,"Other Ref","Fadić 1995, 168-172",
357,51,"Other Ref","Fadić 1997, 81 no.8",
358,51,"Other Ref","Šegvić 1996, 135-136 no. 32",
359,51,"Other Ref","Sanader, Milićević Bradač, Demicheli 2007",
360,51,"Other Ref","Sanader, Milićević Bradač, Demicheli 2013",
361,51,"Other Ref","Radman-Livaja 2010, 108-109 no. 114",
362,51,EDH,https://edh-www.adw.uni-heidelberg.de/edh/inschrift/HD040157,
363,52,CIL,"03, 09738",1
364,52,CIL,"03, 08781",
365,52,"Tončinić",043,
366,52,Betz,035,
367,52,ILJug,"3, 1941",
368,52,"Other Ref","BD-VAHD (1) 1878, 19 no.23",
369,52,"Other Ref","BD-VAHD (26) 1903, 134-135 no. 3244 ",
370,52,"Other Ref","Wilkes 1969, 461",
371,52,"Other Ref","Fadić 1997, 81 no. 9",
372,52,EDH,https://edh-www.adw.uni-heidelberg.de/edh/inschrift/HD034287,
373,53,CIL,"03, 14946",1
374,53,"Tončinić",044,
375,53,Betz,062,
376,53,"Other Ref","BD-VAHD (23) 1900, 118",
377,53,AE,"1900, 0139",
378,53,"Other Ref","Miločević 1998, 182",
379,53,"Other Ref","Višić-Ljubić 2008, 122-123 no. 5",
380,53,EDH,https://edh-www.adw.uni-heidelberg.de/edh/inschrift/HD028366,
381,54,"Tončinić",045,
382,54,Betz,063,
383,54,ILJug,"3, 1916",1
384,54,"Other Ref","Wilkes 1969, 463",
385,54,"Other Ref","Atanacković-Salčić 1981, 265 no. 4",
386,54,"Other Ref","Bojanovski 1988, 384 no. 44",
387,54,"Other Ref","Škegro 1997, 86 no. 4",
388,54,"Other Ref","Čerina, Rismondo 2004 no. 9",
389,54,"Other Ref","Dodig 2005a, 211 no.5",
390,54,EDH,https://edh-www.adw.uni-heidelberg.de/edh/inschrift/HD056521,
391,54,EDH,https://edh-www.adw.uni-heidelberg.de/edh/inschrift/HD034234,
392,55,CIL,"03, 02716",1
393,55,"Tončinić",046,
394,55,Betz,016,
395,55,"Other Ref","Hofmann 1905, 59-60 no. 47",
396,55,"Other Ref","Fadić 1997, 81 no. 5",
397,55,EDH,https://edh-www.adw.uni-heidelberg.de/edh/inschrift/HD058789,
398,56,"Tončinić",047,
399,56,CIL,"03, 13978",1
400,56,"Other Ref","BD-VAHD (17) 1894, 5 no. 3",
401,56,"Other Ref","Patsch 1897, 350",
402,56,EDH,https://edh-www.adw.uni-heidelberg.de/edh/inschrift/HD061690,
403,57,CIL,"03, 14933",1
404,57,"Tončinić",048,
405,57,Betz,082,
406,57,"Other Ref","BD-VAHD (1) 1878, 19 no.27",
407,57,"Other Ref","Hofmann 1905, 50 no. 38",
408,57,"Other Ref","Wilkes 1969, 462",
409,57,"Other Ref","Fadić 1997, 81 no.19",
410,57,EDH,https://edh-www.adw.uni-heidelberg.de/edh/inschrift/HD051029,
411,58,CIL,"03, 02772",1
412,58,"Tončinić",049,
413,58,Betz,036,
414,58,EDH,https://edh-www.adw.uni-heidelberg.de/edh/inschrift/HD062405,
415,59,"Tončinić",050,
416,59,Betz,064,
417,59,ILJug,"3, 2280",1
418,59,"Other Ref","BD-VAHD (27) 1904, 157 no. 3164",
419,59,"Other Ref","Egger 1926, 67, no. 2",
420,59,"Other Ref","Miletić 1989, 108-109",
421,59,"Other Ref","Miletić 1990, 183-186",
422,59,EDH,https://edh-www.adw.uni-heidelberg.de/edh/inschrift/HD034679,
423,60,"Tončinić",051,
424,60,ILJug,"3, 2601",1
425,60,Betz,010,
426,60,"Other Ref","Brøndsted 1928, 158 no. 5",
427,60,"Other Ref","BD-VAHD (50) 1928-1929, 13 no. 5",
428,60,"Other Ref","Miletić 1989, 99, 105 pl. XV",
429,60,"Other Ref","Miletić 1990, 170-171 fig. 3, 179",
430,60,EDH,https://edh-www.adw.uni-heidelberg.de/edh/inschrift/HD035037,
431,61,CIL,"03, 01818",1
432,61,"Tončinić",052,
433,61,Betz,045,
434,61,"Other Ref","Wilkes 1966, 463",
435,61,"Other Ref","Bojanovski 1988, 383 no. 5, 385 no. 52.",
436,61,EDH,https://edh-www.adw.uni-heidelberg.de/edh/inschrift/HD053445,
437,62,CIL,"03, 02048",1
438,62,"Tončinić",053,
439,62,Betz,065,
440,62,"Other Ref","Lanza 1856, 78-80 no. 50",
441,62,"Other Ref","Wilkes 1969, 462",
442,62,"Other Ref","Miletić 1989, 101, 105-106",
443,62,"Other Ref","Miletić 1990, 179",
444,62,EDH,https://edh-www.adw.uni-heidelberg.de/edh/inschrift/HD063317,
445,63,"Tončinić",054,
446,63,Betz,013,
447,63,ILJug,"3, 1968",
448,63,AE,"1940, 0177",1
449,63,AE,"1941, 0055",
450,63,"Other Ref","BD-VAHD (51) 1930-1934, 230",
451,63,"Other Ref","Abramić 1940, 230-231 pl. 36.1",
452,63,EDH,https://edh-www.adw.uni-heidelberg.de/edh/inschrift/HD021072,
453,64,"Tončinić",055,
454,64,Betz,075,
455,64,CIL,"03, 08493",1
456,64,ILJug,"2, 0157",
457,64,"Other Ref","Hoernes 1880, 40 no. 3",
458,64,"Other Ref","Patsch 1908, 111",
459,64,"Other Ref","Wilkes 1969, 463",
460,64,"Other Ref","Bojanovski 1988, 365 no.54",
461,64,"Other Ref","Dodig 2005a, 210 no.3",
462,64,EDH,https://edh-www.adw.uni-heidelberg.de/edh/inschrift/HD058391,
463,65,"Tončinić",056,
464,65,Betz,020,
465,65,ILJug,"3, 2090",1
466,65,"Other Ref","BD-VAHD (36) 1913, 14-15 no. 4407 A",
467,65,"Other Ref","Wilkes 1969, 463",
468,65,"Other Ref","Miletić 1991, 33",
469,65,EDH,https://edh-www.adw.uni-heidelberg.de/edh/inschrift/HD034434,
470,66,CIL,"03, 08760",1
471,66,"Tončinić",057,
472,66,Betz,037,
473,66,"Other Ref","Wilkes 1969, 467",
474,66,EDH,https://edh-www.adw.uni-heidelberg.de/edh/inschrift/HD062557,
475,67,"Tončinić",058,
476,67,Betz,066,
477,67,ILJug,"2, 0670",1
478,67,"Other Ref","Zelenika 1961, 323-325",
479,67,"Other Ref","Paškvalin 1985, 120-122",
480,67,"Other Ref","Atanacković-Salšić 1981, 265-266 no. 5",
481,67,"Other Ref","Škegro 1997, 86 no. 2",
482,67,"Other Ref","Dodig 2005a, 210 no. 4",
483,67,EDH,https://edh-www.adw.uni-heidelberg.de/edh/inschrift/HD034084,
484,68,"Tončinić",059,
485,68,AE,"1991, 1290",1
486,68,"Other Ref","Cambi 1986, 61-62, pl. 8.1.",
487,68,"Other Ref","Cambi 1990, 61-72",
488,68,"Other Ref","Miletić 1991, 28, 33",
489,68,EDH,https://edh-www.adw.uni-heidelberg.de/edh/inschrift/HD039722,
490,69,"Tončinić",060,
491,69,AE,"2003, 1330",1
492,69,"Other Ref","Dodig 2002",
493,69,"Other Ref","Dodig 2005a, 213 no. 11",
494,69,EDH,https://edh-www.adw.uni-heidelberg.de/edh/inschrift/HD045055,
495,70,CIL,"03, 02717",1
496,70,CIL,"03, 09728",
497,70,"Tončinić",061,
498,70,Betz,038,
499,70,"Other Ref","Wilkes 1969, 462",
500,70,"Other Ref","Fadić 1997, 81 no.6",
501,70,EDH,https://edh-www.adw.uni-heidelberg.de/edh/inschrift/HD051028,
502,71,CIL,"03, 09761",1
503,71,"Tončinić",062,
504,71,Betz,067,
505,71,"Other Ref","BD-VAHD (1) 1878, 34 no.32",
506,71,"Other Ref","Wilkes 1969, 469",
507,71,EDH,https://edh-www.adw.uni-heidelberg.de/edh/inschrift/HD061959,
508,72,"Tončinić",063,
509,72,Betz,068,
510,72,ILJug,"3, 1921",1
511,72,"Other Ref","Patsch 1908, 110 no. 30",
512,72,"Other Ref","Patsch 1914, 167 no. 34",
513,72,"Other Ref","Bojanovski, GodAkSarajevo 15, 1977, 113 no. 3, 1.",
514,72,"Other Ref","Dodig 2005a, 211 no. 7",
515,72,EDH,https://edh-www.adw.uni-heidelberg.de/edh/inschrift/HD034241,
516,73,CIL,"03, 08764",1
517,73,"Tončinić",064,
518,73,Betz,069,
519,73,"Other Ref","BD-VAHD (4) 1881, 33 no. 7",
520,73,"Other Ref","Wilkes 1969, 460",
521,73,EDH,https://edh-www.adw.uni-heidelberg.de/edh/inschrift/HD062460,
522,74,CIL,"03, 09712",1
523,74,"Tončinić",065,
524,74,Betz,070,
525,74,"Other Ref","BD-VAHD (9) 1886, 6 no. 2",
526,74,"Other Ref","Wilkes 1969, 460",
527,75,"Tončinić",067,
528,75,Betz,011,
529,75,CIL,"03, 02678",1
530,75,CIL,"03, 9699",
531,75,EDH,https://edh-www.adw.uni-heidelberg.de/edh/inschrift/HD058437,
532,76,CIL,"03, 09741",1
533,76,"Tončinić",068,
534,76,Betz,039,
535,76,"Other Ref","BD-VAHD (1) 1878, 34 no. 32",
536,76,"Other Ref","Wilkes 1969, 462",
537,76,"Other Ref","Fadić 1997, 81 no. 14",
538,76,EDH,https://edh-www.adw.uni-heidelberg.de/edh/inschrift/HD058854,
539,77,"Tončinić",069,
540,77,Betz,017,
541,77,ILJug,"3, 2093",1
542,77,"Other Ref","BD-VAHD (37) 1914, 55 no. 4576 A",
543,77,"Other Ref","Miletić 1991, 23-25 fig. 1",
544,77,EDH,https://edh-www.adw.uni-heidelberg.de/edh/inschrift/HD034436,
545,78,"Tončinić",070,
546,78,Betz,071,
547,78,ILJug,"3, 2600",1
548,78,"Other Ref","Brønsted 1928, 157-8 no. 4",
549,78,"Other Ref","Miletić 1989, 99, 105 pl. XV",
550,78,"Other Ref","Miletić 1990, 170-171 fig. 3, 179",
551,78,EDH,https://edh-www.adw.uni-heidelberg.de/edh/inschrift/HD035036,
552,79,CIL,"03, 09742",1
553,79,"Tončinić",071,
554,79,Betz,040,
555,79,"Other Ref","BD-VAHD (1) 1878, 16 no. 26",
556,79,"Other Ref","Wilkes 1969, 460",
557,79,"Other Ref","Fadić 1997, 81 no. 15",
558,79,EDH,https://edh-www.adw.uni-heidelberg.de/edh/inschrift/HD058855,
559,80,CIL,"03, 02071",1
560,80,"Tončinić",072,
561,80,Betz,041,
562,80,AE,"1982, 0763",
563,80,EDH,https://edh-www.adw.uni-heidelberg.de/edh/inschrift/HD000600,
564,81,"Tončinić",074,
565,81,AE,"2000, 1176",1
566,81,"Other Ref","Atanacković-Salšić 1981, 273 no. 14",
567,81,"Other Ref","Bojanovski 1988, 386 no. 77",
568,81,"Other Ref","Škegro 1997, 86 no. 1",
569,81,"Other Ref","Marin et al. 2000, 510 no. 1",
570,81,"Other Ref","Dodig 2005a, 212 no. 9",
571,81,EDH,https://edh-www.adw.uni-heidelberg.de/edh/inschrift/HD039810,
572,82,CIL,"03, 08732",1
573,82,"Tončinić",075,
574,82,Betz,047,
575,82,"Other Ref","BD-VAHD (8) 1885, 92 no. 272",
576,82,EDH,https://edh-www.adw.uni-heidelberg.de/edh/inschrift/HD062524,
577,83,CIL,"03, 09864a",1
578,83,"Tončinić",097,
579,83,Betz,007,
580,83,"Other Ref","Hörmann 1890, 306-308",
581,83,"Other Ref","ILS 5959",
582,83,"Other Ref","Patsch 1914, 175 fig. 50",
583,83,"Other Ref","Patsch 1915, 64 fig. 50",
584,83,"Other Ref","Wilkes 1974, 267",
585,83,EDH,https://edh-www.adw.uni-heidelberg.de/edh/inschrift/HD053672,
586,84,CIL,"03, 06826",1
587,84,AE,"1998, 1386-9",
588,84,"Other Ref","Mitchell 1976",
589,84,"Other Ref","Whately 2016",
590,85,CIL,"03, 06827",1
591,85,AE,"1998, 1386-9",
592,85,"Other Ref","Mitchell 1976",
593,85,"Other Ref","Whately 2016",
594,86,"Other Ref","Bean 1959, 93",1
595,86,"Other Ref","Whately 2016",
596,87,"Other Ref","IGRRP 3, 1476",1
597,87,"Other Ref","Whately 2016",
598,87,"Other Ref","JHS(22), 356",
599,88,"Other Ref","Matijević 2017: fig. 1",1
600,89,"Tončinić",076,1
601,90,CIL,"03, 09711",1
602,90,"Tončinić",077,
603,90,Betz,074,
604,90,EDH,https://edh-www.adw.uni-heidelberg.de/edh/inschrift/HD058594,
605,91,CIL,"03, 14699",1
606,91,"Tončinić",078,
607,91,Betz,078,
608,91,"Other Ref","BD-VAHD (22) 1899, 58-59 no. 2570 A",
609,91,EDH,https://edh-www.adw.uni-heidelberg.de/edh/inschrift/HD061551,
610,92,CIL,"03, 14992",1
611,92,"Tončinić",079,
612,92,Betz,073,
613,92,"Other Ref","Wilkes 1969, 466",
614,92,EDH,https://edh-www.adw.uni-heidelberg.de/edh/inschrift/HD061333,
615,93,CIL,"03, 08763",1
616,93,"Tončinić",080,
617,93,Betz,077,
618,93,"Other Ref","Wilkes 1969, 46",
619,93,"Other Ref","Alföldy 1969, 236, 266",
620,93,EDH,https://edh-www.adw.uni-heidelberg.de/edh/inschrift/HD063539,
621,94,"Tončinić",081,
622,94,Betz,076,
623,94,ILJug,"3, 2028",1
624,94,"Other Ref","BD-VAHD (26) 1903, 189 no. 3228",
625,94,"Other Ref","",
626,95,CIL,"03, 14248",1
627,95,"Tončinić",082,
628,95,Betz,079,
629,95,"Other Ref","BD-VAHD (18) 1895, 216 no. 2111",
630,95,"Other Ref","Miletić 1989, 105",
631,95,"Other Ref","Miletić 1990a, 179",
632,95,EDH,https://edh-www.adw.uni-heidelberg.de/edh/inschrift/HD062028,
633,96,CIL,"03, 08767",1
634,96,"Tončinić",083,
635,96,Betz,043,
636,96,EDH,https://edh-www.adw.uni-heidelberg.de/edh/inschrift/HD062587,
637,97,ILJug,"3, 3239",1
638,97,"Tončinić",084,
639,97,"Other Ref","BD-VAHD (26) 1903, 133 no. 3239",
640,97,EDH,https://edh-www.adw.uni-heidelberg.de/edh/inschrift/HD034296,
641,98,CIL,"03, 12909",1
642,98,"Tončinić",085,
643,98,Betz,174,
644,98,EDH,https://edh-www.adw.uni-heidelberg.de/edh/inschrift/HD063895,
645,99,"Tončinić",086,1
646,99,"Other Ref","BD-VAHD (27) 1904, 53 no. A 3209",
647,99,"Other Ref","Miletić 1989, 101",
648,99,"Other Ref","Miletić 1990a, 174",
649,100,"Tončinić",087,
650,100,ILJug,"2, 0733",1
651,100,"Other Ref","BD-VAHD (63/64) 1961/1962, 236-7 no. 15",
652,100,"Other Ref","Fadić 1997, 81 no. 21",
653,100,"Other Ref","Milošević 1998, 246",
654,100,EDH,https://edh-www.adw.uni-heidelberg.de/edh/inschrift/HD034182,
655,101,CIL,"03, 08687",1
656,101,"Tončinić",088,
657,101,Betz,042,
658,101,"Other Ref","BD-VAHD (10) 1887, 154 no. 172",
659,101,"Other Ref","Zeiller 1928, 217",
660,101,EDH,https://edh-www.adw.uni-heidelberg.de/edh/inschrift/HD057704,
661,102,"Tončinić",089,
662,102,AE,"1981, 0669",1
663,102,AE,"1985, 0712",
664,102,"Other Ref","Jeličić-Radonić 1981, 98-100",
665,102,EDH,https://edh-www.adw.uni-heidelberg.de/edh/inschrift/HD003120,
666,103,CIL,"03, 14951",1
667,103,"Tončinić",090,
668,103,Betz,173,
669,103,"Other Ref","Zaninović 1967, 47",
670,103,EDH,https://edh-www.adw.uni-heidelberg.de/edh/inschrift/HD060571,
671,104,"Tončinić",093,
672,104,CIL,"03, 09973",1
673,104,Betz,006,
674,104,ILJug,"3, 0287",
675,104,"Other Ref","BD-VAHD (2) 1879, 146 no. 30",
676,104,"Other Ref","BD-VAHD (5) 1883, no. 65",
677,104,"Other Ref","Hirschfeld 1885, 4-5 no. 1",
678,104,"Other Ref","Abramić, Colnago 1909, 31-32 no. 2",
679,104,"Other Ref","Wilkes 1974, 260 no. 6",
680,104,EDH,https://edh-www.adw.uni-heidelberg.de/edh/inschrift/HD035656,
681,104,"Other Ref","ILS 5953",
682,105,CIL,"03, 02882",1
683,105,Betz,012,
684,105,"Tončinić",094,
685,105,"Other Ref","BD-VAHD (1) 1878, 88 no. 1",
686,105,"Other Ref","Hula 1890, 103",
687,105,"Other Ref","Jagentuefel 1958, 17 no. 41",
688,105,"Other Ref","Wilkes 1974, 259-260 no. 4",
689,105,EDH,https://edh-www.adw.uni-heidelberg.de/edh/inschrift/HD053670,
690,106,CIL,"03, 08472",1
691,106,"Tončinić",095,
692,106,AE,"1890, 0012",
693,106,Betz,004,
694,106,"Other Ref","BD-VAHD (12) 1889, 145 no. 128",
695,106,"Other Ref","Hula 1890, 104",
696,106,"Other Ref","Jagentuefel 1958, 17 nos. 4, 5",
697,106,"Other Ref","ILS 5948",
698,106,"Other Ref","Wilkes 1974, 265 no. 17",
699,106,EDH,https://edh-www.adw.uni-heidelberg.de/edh/inschrift/HD041864,
700,107,CIL,"03, 09832",1
701,107,"Tončinić",096,
702,107,Betz,005,
703,107,AE,"1890, 0011",
704,107,"Other Ref","Hula 1890, 102",
705,107,"Other Ref","Patsch 1895, 415 no. 77",
706,107,"Other Ref","Patsch 1897, 212-213 no. 77",
707,107,"Other Ref","BD-VAHD (12) 1889, 97",
708,107,"Other Ref","BD-VAHD (12) 1889, 116",
709,107,"Other Ref","ILS 5949",
710,107,"Other Ref","Jagentuefel 1958, 17 nos. 4, 6",
711,107,"Other Ref","Wilkes 1974, 263 no. 12",
712,107,EDH,https://edh-www.adw.uni-heidelberg.de/edh/inschrift/HD041949,
713,108,"Tončinić",098,
714,108,CIL,"03, 12794",1
715,108,Betz,009,
716,108,"Other Ref","BD-VAHD (13) 1890, 145 no. 79",
717,108,"Other Ref","Jagenteufel 1958, 18 no. 4, 9",
718,108,"Other Ref","Wilkes 1974, 266 no. 19",
719,108,"Other Ref","Suić 2003",
720,108,EDH,https://edh-www.adw.uni-heidelberg.de/edh/inschrift/HD053585,
721,108,AE,"1891, 0017",
722,109,"Tončinić",099,
723,109,AE,"2003, 1332",1
724,109,"Other Ref","Čače 2003, 19-21",
725,109,EDH,https://edh-www.adw.uni-heidelberg.de/edh/inschrift/HD045056,
726,110,"Tončinić",100,1
727,110,"Other Ref","Tončinić, Tabak, Librenjak 2011, cat. no. 1",
728,111,"Tončinić",101,1
729,111,"Other Ref","Tončinić, Tabak, Librenjak 2011, cat. no. 2",
730,112,"Tončinić",102,1
731,112,"Other Ref","Tončinić, Tabak, Librenjak 2011, cat. no. 3",
732,113,"Tončinić",103,1
733,113,"Other Ref","Tončinić, Tabak, Librenjak 2011, cat. no. 4",
734,114,"Tončinić",104,1
735,114,"Other Ref","Tončinić, Tabak, Librenjak 2011, cat. no. 5",
736,115,"Tončinić",105,1
737,115,"Other Ref","Tončinić, Tabak, Librenjak 2011, cat. no. 6",
738,116,"Tončinić",106,1
739,116,"Other Ref","Tončinić, Tabak, Librenjak 2011, cat. no. 7",
740,117,"Tončinić",107,1
741,117,"Other Ref","Tončinić, Tabak, Librenjak 2011, cat. no. 8",
742,117,"Other Ref","Babić 2008, 233 cat. no. 94",
743,118,"Tončinić",108,1
744,118,"Other Ref","Tončinić, Tabak, Librenjak 2011, cat. no. 9",
745,119,"Tončinić",109,1
746,119,"Other Ref","Tončinić, Tabak, Librenjak 2011, cat. no.10",
747,120,"Tončinić",110,1
748,120,"Other Ref","Tončinić, Tabak, Librenjak 2011, cat. no. 11",
749,121,"Tončinić",111,1
750,121,"Other Ref","Tončinić, Tabak, Librenjak 2011, cat. no. 15",
751,122,"Tončinić",112,1
752,122,"Other Ref","Tončinić, Tabak, Librenjak 2011, cat. no. 16",
753,123,"Tončinić",113,1
754,123,"Other Ref","Tončinić, Tabak, Librenjak 2011, cat. no. 17",
755,124,"Tončinić",114,1
756,124,"Other Ref","Tončinić, Tabak, Librenjak 2011, cat. no. 26",
757,124,"Other Ref","Tončinić 2003, 226 no. 18 pl. 3.2",
758,125,"Tončinić",115,1
759,125,"Other Ref","Tončinić, Tabak, Librenjak 2011, cat. no. 27",
760,126,"Other Ref","Cambi 1994, cat. no. 2",
761,126,AE,"1994, 1356",1
762,126,AE,"2002, 1118",
763,126,"Other Ref","ZPE(138), 273",
764,127,"Other Ref","Cambi 1994, cat. no. 3",
765,127,AE,"1994, 1357",1
766,128,"Other Ref","Cambi 1994, cat. no. 4",
767,128,AE,"1994, 1358",1
768,129,"Other Ref","MAMA 04, 0237",1
769,129,"Other Ref","Mitchell 1993, 73 n.38",
770,84,"Other Ref","Mitchell 1993, 73 n.39",
771,85,"Other Ref","Mitchell 1993, 73 n.38",
772,80,ILJug,"3, 2040 b05",
773,86,"Other Ref","Mitchell 1993, 73 n.39",
774,87,"Other Ref","Mitchell 1993, 73 n.39, 138 n. 150",
775,130,"Other Ref","Medini 1984: fig. 2",1
776,130,"Other Ref","Cambi 2008: 27",
777,128,EDH,https://edh-www.adw.uni-heidelberg.de/edh/inschrift/HD039998,
778,127,EDH,https://edh-www.adw.uni-heidelberg.de/edh/inschrift/HD039997,
779,126,EDH,https://edh-www.adw.uni-heidelberg.de/edh/inschrift/HD039734,
780,1,EDCS,http://db.edcs.eu/epigr/edcs_id.php?s_sprache=en&p_edcs_id=EDCS-28400159,
781,2,EDCS,http://db.edcs.eu/epigr/edcs_id.php?s_sprache=en&p_edcs_id=EDCS-28300058,
782,3,EDCS,http://db.edcs.eu/epigr/edcs_id.php?s_sprache=en&p_edcs_id=EDCS-54900234,
783,4,EDCS,http://db.edcs.eu/epigr/edcs_id.php?s_sprache=en&p_edcs_id=EDCS-51400004,
784,5,EDCS,http://db.edcs.eu/epigr/edcs_id.php?s_sprache=en&p_edcs_id=EDCS-14800171,
785,6,EDCS,http://db.edcs.eu/epigr/edcs_id.php?s_sprache=en&p_edcs_id=EDCS-28300035,
786,7,EDCS,http://db.edcs.eu/epigr/edcs_id.php?s_sprache=en&p_edcs_id=EDCS-28600125,
787,8,EDCS,http://db.edcs.eu/epigr/edcs_id.php?s_sprache=en&p_edcs_id=EDCS-10101054,
788,9,EDCS,http://db.edcs.eu/epigr/edcs_id.php?s_sprache=en&p_edcs_id=EDCS-28700941,
789,10,EDCS,http://db.edcs.eu/epigr/edcs_id.php?s_sprache=en&p_edcs_id=EDCS-03300743,
790,11,EDCS,http://db.edcs.eu/epigr/edcs_id.php?s_sprache=en&p_edcs_id=EDCS-28400164,
791,12,EDCS,http://db.edcs.eu/epigr/edcs_id.php?s_sprache=en&p_edcs_id=EDCS-30100403,
792,13,EDCS,http://db.edcs.eu/epigr/edcs_id.php?s_sprache=en&p_edcs_id=EDCS-28700950,
793,14,EDCS,http://db.edcs.eu/epigr/edcs_id.php?s_sprache=en&p_edcs_id=EDCS-27601578,
794,15,EDCS,http://db.edcs.eu/epigr/edcs_id.php?s_sprache=en&p_edcs_id=EDCS-31900305,
795,16,EDCS,http://db.edcs.eu/epigr/edcs_id.php?s_sprache=en&p_edcs_id=EDCS-28300036,
796,17,EDCS,http://db.edcs.eu/epigr/edcs_id.php?s_sprache=en&p_edcs_id=EDCS-28400165,
797,18,EDCS,http://db.edcs.eu/epigr/edcs_id.php?s_sprache=en&p_edcs_id=EDCS-10100891,
798,19,EDCS,http://db.edcs.eu/epigr/edcs_id.php?s_sprache=en&p_edcs_id=EDCS-27601584,
799,20,EDCS,http://db.edcs.eu/epigr/edcs_id.php?s_sprache=en&p_edcs_id=EDCS-26600673,
800,21,EDCS,http://db.edcs.eu/epigr/edcs_id.php?s_sprache=en&p_edcs_id=EDCS-30600566,
801,22,EDCS,http://db.edcs.eu/epigr/edcs_id.php?s_sprache=en&p_edcs_id=EDCS-27601590,
802,23,EDCS,http://db.edcs.eu/epigr/edcs_id.php?s_sprache=en&p_edcs_id=EDCS-28500234,
803,24,EDCS,http://db.edcs.eu/epigr/edcs_id.php?s_sprache=en&p_edcs_id=EDCS-10101067,
804,25,EDCS,http://db.edcs.eu/epigr/edcs_id.php?s_sprache=en&p_edcs_id=EDCS-10100892,
805,26,EDCS,http://db.edcs.eu/epigr/edcs_id.php?s_sprache=en&p_edcs_id=EDCS-00380801,
806,27,EDCS,http://db.edcs.eu/epigr/edcs_id.php?s_sprache=en&p_edcs_id=EDCS-28300040,
807,28,EDCS,http://db.edcs.eu/epigr/edcs_id.php?s_sprache=en&p_edcs_id=EDCS-28400137,
808,29,EDCS,http://db.edcs.eu/epigr/edcs_id.php?s_sprache=en&p_edcs_id=EDCS-28300041,
809,30,EDCS,http://db.edcs.eu/epigr/edcs_id.php?s_sprache=en&p_edcs_id=EDCS-31900029,
810,31,EDCS,http://db.edcs.eu/epigr/edcs_id.php?s_sprache=en&p_edcs_id=EDCS-30100404,
811,32,EDCS,http://db.edcs.eu/epigr/edcs_id.php?s_sprache=en&p_edcs_id=EDCS-27601583,
812,33,EDCS,http://db.edcs.eu/epigr/edcs_id.php?s_sprache=en&p_edcs_id=EDCS-24600965,
813,34,EDCS,http://db.edcs.eu/epigr/edcs_id.php?s_sprache=en&p_edcs_id=EDCS-30200431,
814,35,EDCS,http://db.edcs.eu/epigr/edcs_id.php?s_sprache=en&p_edcs_id=EDCS-27500114,
815,36,EDCS,http://db.edcs.eu/epigr/edcs_id.php?s_sprache=en&p_edcs_id=EDCS-10101980,
816,37,EDCS,http://db.edcs.eu/epigr/edcs_id.php?s_sprache=en&p_edcs_id=EDCS-10101988,
817,38,EDCS,http://db.edcs.eu/epigr/edcs_id.php?s_sprache=en&p_edcs_id=EDCS-28600193,
818,39,EDCS,http://db.edcs.eu/epigr/edcs_id.php?s_sprache=en&p_edcs_id=EDCS-30200722,
819,40,EDCS,http://db.edcs.eu/epigr/edcs_id.php?s_sprache=en&p_edcs_id=EDCS-20601174,
820,41,EDCS,http://db.edcs.eu/epigr/edcs_id.php?s_sprache=en&p_edcs_id=EDCS-10100864,
821,42,EDCS,http://db.edcs.eu/epigr/edcs_id.php?s_sprache=en&p_edcs_id=EDCS-03000748,
822,43,EDCS,http://db.edcs.eu/epigr/edcs_id.php?s_sprache=en&p_edcs_id=EDCS-30100406,
823,44,EDCS,http://db.edcs.eu/epigr/edcs_id.php?s_sprache=en&p_edcs_id=EDCS-27601594,
824,45,EDCS,http://db.edcs.eu/epigr/edcs_id.php?s_sprache=en&p_edcs_id=EDCS-27601595,
825,46,EDCS,http://db.edcs.eu/epigr/edcs_id.php?s_sprache=en&p_edcs_id=EDCS-30301451,
826,47,EDCS,http://db.edcs.eu/epigr/edcs_id.php?s_sprache=en&p_edcs_id=EDCS-10101055,
827,48,EDCS,http://db.edcs.eu/epigr/edcs_id.php?s_sprache=en&p_edcs_id=EDCS-16900021,
828,49,EDCS,http://db.edcs.eu/epigr/edcs_id.php?s_sprache=en&p_edcs_id=EDCS-55300298,
829,50,EDCS,http://db.edcs.eu/epigr/edcs_id.php?s_sprache=en&p_edcs_id=EDCS-05000668,
830,51,EDCS,http://db.edcs.eu/epigr/edcs_id.php?s_sprache=en&p_edcs_id=EDCS-03300744,
831,52,EDCS,http://db.edcs.eu/epigr/edcs_id.php?s_sprache=en&p_edcs_id=EDCS-30200377,
832,53,EDCS,http://db.edcs.eu/epigr/edcs_id.php?s_sprache=en&p_edcs_id=EDCS-32700500,
833,54,EDCS,http://db.edcs.eu/epigr/edcs_id.php?s_sprache=en&p_edcs_id=EDCS-66200163,
834,55,EDCS,http://db.edcs.eu/epigr/edcs_id.php?s_sprache=en&p_edcs_id=EDCS-28300042,
835,56,EDCS,http://db.edcs.eu/epigr/edcs_id.php?s_sprache=en&p_edcs_id=EDCS-31900031,
836,57,EDCS,http://db.edcs.eu/epigr/edcs_id.php?s_sprache=en&p_edcs_id=EDCS-24400350,
837,58,EDCS,http://db.edcs.eu/epigr/edcs_id.php?s_sprache=en&p_edcs_id=EDCS-28300101,
838,59,EDCS,http://db.edcs.eu/epigr/edcs_id.php?s_sprache=en&p_edcs_id=EDCS-10101234,
839,60,EDCS,http://db.edcs.eu/epigr/edcs_id.php?s_sprache=en&p_edcs_id=EDCS-10101620,
840,61,EDCS,http://db.edcs.eu/epigr/edcs_id.php?s_sprache=en&p_edcs_id=EDCS-27500162,
841,62,EDCS,http://db.edcs.eu/epigr/edcs_id.php?s_sprache=en&p_edcs_id=EDCS-27601600,
842,63,EDCS,http://db.edcs.eu/epigr/edcs_id.php?s_sprache=en&p_edcs_id=EDCS-10100908,
843,64,EDCS,http://db.edcs.eu/epigr/edcs_id.php?s_sprache=en&p_edcs_id=EDCS-31900307,
844,65,EDCS,http://db.edcs.eu/epigr/edcs_id.php?s_sprache=en&p_edcs_id=EDCS-10101053,
845,66,EDCS,http://db.edcs.eu/epigr/edcs_id.php?s_sprache=en&p_edcs_id=EDCS-28800863,
846,67,EDCS,http://db.edcs.eu/epigr/edcs_id.php?s_sprache=en&p_edcs_id=EDCS-10000684,
847,68,EDCS,http://db.edcs.eu/epigr/edcs_id.php?s_sprache=en&p_edcs_id=EDCS-05000667,
848,69,EDCS,http://db.edcs.eu/epigr/edcs_id.php?s_sprache=en&p_edcs_id=EDCS-30101161,
849,70,EDCS,http://db.edcs.eu/epigr/edcs_id.php?s_sprache=en&p_edcs_id=EDCS-24400345,
850,71,EDCS,http://db.edcs.eu/epigr/edcs_id.php?s_sprache=en&p_edcs_id=EDCS-30100427,
851,72,EDCS,http://db.edcs.eu/epigr/edcs_id.php?s_sprache=en&p_edcs_id=EDCS-10100865,
852,73,EDCS,http://db.edcs.eu/epigr/edcs_id.php?s_sprache=en&p_edcs_id=EDCS-28800848,
853,74,EDCS,http://db.edcs.eu/epigr/edcs_id.php?s_sprache=en&p_edcs_id=EDCS-30000209,
854,75,EDCS,http://db.edcs.eu/epigr/edcs_id.php?s_sprache=en&p_edcs_id=EDCS-28300004,
855,76,EDCS,http://db.edcs.eu/epigr/edcs_id.php?s_sprache=en&p_edcs_id=EDCS-30100409,
856,77,EDCS,http://db.edcs.eu/epigr/edcs_id.php?s_sprache=en&p_edcs_id=EDCS-10101056,
857,78,EDCS,http://db.edcs.eu/epigr/edcs_id.php?s_sprache=en&p_edcs_id=EDCS-10101619,
858,79,EDCS,http://db.edcs.eu/epigr/edcs_id.php?s_sprache=en&p_edcs_id=EDCS-30100410,
859,80,EDCS,http://db.edcs.eu/epigr/edcs_id.php?s_sprache=en&p_edcs_id=EDCS-27601612,
860,81,EDCS,http://db.edcs.eu/epigr/edcs_id.php?s_sprache=en&p_edcs_id=EDCS-20601176,
861,82,EDCS,http://db.edcs.eu/epigr/edcs_id.php?s_sprache=en&p_edcs_id=EDCS-28700947,
862,83,EDCS,http://db.edcs.eu/epigr/edcs_id.php?s_sprache=en&p_edcs_id=EDCS-30301374,
863,84,EDCS,http://db.edcs.eu/epigr/edcs_id.php?s_sprache=en&p_edcs_id=EDCS-28400846,
864,85,EDCS,http://db.edcs.eu/epigr/edcs_id.php?s_sprache=en&p_edcs_id=EDCS-28400847,
865,86,EDCS,http://db.edcs.eu/epigr/edcs_id.php?s_sprache=en&p_edcs_id=EDCS-13400280,
866,88,EDCS,http://db.edcs.eu/epigr/edcs_id.php?s_sprache=en&p_edcs_id=EDCS-75300231,
867,89,EDCS,http://db.edcs.eu/epigr/edcs_id.php?s_sprache=en&p_edcs_id=EDCS-55300299,
868,90,EDCS,http://db.edcs.eu/epigr/edcs_id.php?s_sprache=en&p_edcs_id=EDCS-30000205,
869,91,EDCS,http://db.edcs.eu/epigr/edcs_id.php?s_sprache=en&p_edcs_id=EDCS-32700263,
870,92,EDCS,http://db.edcs.eu/epigr/edcs_id.php?s_sprache=en&p_edcs_id=EDCS-32700567,
871,93,EDCS,http://db.edcs.eu/epigr/edcs_id.php?s_sprache=en&p_edcs_id=EDCS-28800847,
872,94,EDCS,http://db.edcs.eu/epigr/edcs_id.php?s_sprache=en&p_edcs_id=EDCS-10100992,
873,95,EDCS,http://db.edcs.eu/epigr/edcs_id.php?s_sprache=en&p_edcs_id=EDCS-32201067,
874,96,EDCS,http://db.edcs.eu/epigr/edcs_id.php?s_sprache=en&p_edcs_id=EDCS-28800850,
875,96,EDCS,http://db.edcs.eu/epigr/edcs_id.php?s_sprache=en&p_edcs_id=EDCS-47800296,
876,97,EDCS,http://db.edcs.eu/epigr/edcs_id.php?s_sprache=en&p_edcs_id=EDCS-10100894,
877,98,EDCS,http://db.edcs.eu/epigr/edcs_id.php?s_sprache=en&p_edcs_id=EDCS-31400720,
878,99,EDCS,http://db.edcs.eu/epigr/edcs_id.php?s_sprache=en&p_edcs_id=EDCS-55300316,
879,100,EDCS,http://db.edcs.eu/epigr/edcs_id.php?s_sprache=en&p_edcs_id=EDCS-10000746,
880,101,EDCS,http://db.edcs.eu/epigr/edcs_id.php?s_sprache=en&p_edcs_id=EDCS-28701352,
881,102,EDCS,http://db.edcs.eu/epigr/edcs_id.php?s_sprache=en&p_edcs_id=EDCS-08300491,
882,103,EDCS,http://db.edcs.eu/epigr/edcs_id.php?s_sprache=en&p_edcs_id=EDCS-32700505,
883,104,EDCS,http://db.edcs.eu/epigr/edcs_id.php?s_sprache=en&p_edcs_id=EDCS-30301487,
884,105,EDCS,http://db.edcs.eu/epigr/edcs_id.php?s_sprache=en&p_edcs_id=EDCS-28400134,
885,106,EDCS,http://db.edcs.eu/epigr/edcs_id.php?s_sprache=en&p_edcs_id=EDCS-30800082,
886,107,EDCS,http://db.edcs.eu/epigr/edcs_id.php?s_sprache=en&p_edcs_id=EDCS-29500345,
887,108,EDCS,http://db.edcs.eu/epigr/edcs_id.php?s_sprache=en&p_edcs_id=EDCS-29900022,
888,109,EDCS,http://db.edcs.eu/epigr/edcs_id.php?s_sprache=en&p_edcs_id=EDCS-30101162,
889,110,EDCS,http://db.edcs.eu/epigr/edcs_id.php?s_sprache=en&p_edcs_id=EDCS-55300300,
890,111,EDCS,http://db.edcs.eu/epigr/edcs_id.php?s_sprache=en&p_edcs_id=EDCS-55300301,
891,112,EDCS,http://db.edcs.eu/epigr/edcs_id.php?s_sprache=en&p_edcs_id=EDCS-55300302,
892,113,EDCS,http://db.edcs.eu/epigr/edcs_id.php?s_sprache=en&p_edcs_id=EDCS-55300303,
893,114,EDCS,http://db.edcs.eu/epigr/edcs_id.php?s_sprache=en&p_edcs_id=EDCS-55300304,
894,115,EDCS,http://db.edcs.eu/epigr/edcs_id.php?s_sprache=en&p_edcs_id=EDCS-55300305,
895,116,EDCS,http://db.edcs.eu/epigr/edcs_id.php?s_sprache=en&p_edcs_id=EDCS-55300306,
896,117,EDCS,http://db.edcs.eu/epigr/edcs_id.php?s_sprache=en&p_edcs_id=EDCS-55300307,
897,118,EDCS,http://db.edcs.eu/epigr/edcs_id.php?s_sprache=en&p_edcs_id=EDCS-55300308,
898,119,EDCS,http://db.edcs.eu/epigr/edcs_id.php?s_sprache=en&p_edcs_id=EDCS-55300309,
899,120,EDCS,http://db.edcs.eu/epigr/edcs_id.php?s_sprache=en&p_edcs_id=EDCS-55300310,
900,121,EDCS,http://db.edcs.eu/epigr/edcs_id.php?s_sprache=en&p_edcs_id=EDCS-55300311,
901,122,EDCS,http://db.edcs.eu/epigr/edcs_id.php?s_sprache=en&p_edcs_id=EDCS-55300313,
902,123,EDCS,http://db.edcs.eu/epigr/edcs_id.php?s_sprache=en&p_edcs_id=EDCS-55300312,
903,124,EDCS,http://db.edcs.eu/epigr/edcs_id.php?s_sprache=en&p_edcs_id=EDCS-55300314,
904,125,EDCS,http://db.edcs.eu/epigr/edcs_id.php?s_sprache=en&p_edcs_id=EDCS-55300315,
905,126,EDCS,http://db.edcs.eu/epigr/edcs_id.php?s_sprache=en&p_edcs_id=EDCS-00380802,
906,127,EDCS,http://db.edcs.eu/epigr/edcs_id.php?s_sprache=en&p_edcs_id=EDCS-00380803,
907,128,EDCS,http://db.edcs.eu/epigr/edcs_id.php?s_sprache=en&p_edcs_id=EDCS-00380804,
908,15,Betz,053,
909,131,AE,"1979, 445",1
910,131,AE,"2000, 1175",
911,131,"Other Ref","Bojanovski 1979, 46-47",
912,131,"Other Ref","Atanacković-Salčić 1981, 272 no. 13",
913,131,"Other Ref","Škegro 1997, 87 no. 7",
914,131,EDCS,https://db.edcs.eu/epigr/edcs_id.php?s_sprache=en&p_edcs_id=EDCS-20601175,
915,131,EDH,https://edh-www.adw.uni-heidelberg.de/edh/inschrift/HD004491,
916,132,AE,"1979, 444",1
917,132,"Other Ref","Bojanovski 1979, 46-47",
918,132,"Other Ref","Škegro 1997, 86 no. 6",
919,132,EDCS,https://db.edcs.eu/epigr/edcs_id.php?s_sprache=en&p_edcs_id=EDCS-08901077,
920,132,EDH,https://edh-www.adw.uni-heidelberg.de/edh/inschrift/HD004479,
921,131,"Other Ref","Glavičić, Pandža 2017, no. 12",
922,132,"Other Ref","Glavičić, Pandža 2017, no. 13",
923,74,EDH,https://edh.ub.uni-heidelberg.de/edh/inschrift/HD058602,
